fixture_id,gw,kickoff_time,finished,home_team,away_team,home_team_id,away_team_id,home_score,away_score,home_fdr,away_fdr,home_team_full,away_team_full
1,1,2025-08-15T19:00:00Z,True,LIV,BOU,12,4,4,2,3,4,Liverpool,Bournemouth
2,1,2025-08-16T11:30:00Z,True,AVL,NEW,2,15,0,0,3,4,Aston Villa,Newcastle
3,1,2025-08-16T14:00:00Z,True,BHA,FUL,6,10,1,1,2,4,Brighton,Fulham
6,1,2025-08-16T14:00:00Z,True,TOT,BUR,18,3,3,0,1,3,Spurs,Burnley
5,1,2025-08-16T14:00:00Z,True,SUN,WHU,17,19,3,0,2,3,Sunderland,West Ham
7,1,2025-08-16T16:30:00Z,True,WOL,MCI,20,13,0,4,4,2,Wolves,Man City
8,1,2025-08-17T13:00:00Z,True,CHE,CRY,7,8,0,0,3,4,Chelsea,Crystal Palace
4,1,2025-08-17T13:00:00Z,True,NFO,BRE,16,5,3,1,3,3,Nott'm Forest,Brentford
9,1,2025-08-17T15:30:00Z,True,MUN,ARS,14,1,0,1,4,4,Man Utd,Arsenal
10,1,2025-08-18T19:00:00Z,True,LEE,EVE,11,9,1,0,3,3,Leeds,Everton
20,2,2025-08-22T19:00:00Z,True,WHU,CHE,19,7,1,5,3,3,West Ham,Chelsea
18,2,2025-08-23T11:30:00Z,True,MCI,TOT,13,18,0,2,3,5,Man City,Spurs
12,2,2025-08-23T14:00:00Z,True,BOU,WOL,4,20,1,0,1,3,Bournemouth,Wolves
13,2,2025-08-23T14:00:00Z,True,BRE,AVL,5,2,1,0,3,3,Brentford,Aston Villa
14,2,2025-08-23T14:00:00Z,True,BUR,SUN,3,17,2,0,2,2,Burnley,Sunderland
11,2,2025-08-23T16:30:00Z,True,ARS,LEE,1,11,5,0,2,5,Arsenal,Leeds
15,2,2025-08-24T13:00:00Z,True,CRY,NFO,8,16,1,1,3,3,Crystal Palace,Nott'm Forest
16,2,2025-08-24T13:00:00Z,True,EVE,BHA,9,6,2,0,3,3,Everton,Brighton
17,2,2025-08-24T15:30:00Z,True,FUL,MUN,10,14,1,1,4,3,Fulham,Man Utd
19,2,2025-08-25T19:00:00Z,True,NEW,LIV,15,12,2,3,4,3,Newcastle,Liverpool
23,3,2025-08-30T11:30:00Z,True,CHE,FUL,7,10,2,0,2,4,Chelsea,Fulham
26,3,2025-08-30T14:00:00Z,True,MUN,BUR,14,3,3,2,1,4,Man Utd,Burnley
29,3,2025-08-30T14:00:00Z,True,TOT,BOU,18,4,0,1,3,3,Spurs,Bournemouth
28,3,2025-08-30T14:00:00Z,True,SUN,BRE,17,5,2,1,3,3,Sunderland,Brentford
30,3,2025-08-30T14:00:00Z,True,WOL,EVE,20,9,2,3,3,2,Wolves,Everton
24,3,2025-08-30T16:30:00Z,True,LEE,NEW,11,15,0,0,3,3,Leeds,Newcastle
22,3,2025-08-31T13:00:00Z,True,BHA,MCI,6,13,2,1,4,4,Brighton,Man City
27,3,2025-08-31T13:00:00Z,True,NFO,WHU,16,19,0,3,2,3,Nott'm Forest,West Ham
25,3,2025-08-31T15:30:00Z,True,LIV,ARS,12,1,1,0,4,4,Liverpool,Arsenal
21,3,2025-08-31T18:00:00Z,True,AVL,CRY,2,8,0,3,3,4,Aston Villa,Crystal Palace
31,4,2025-09-13T11:30:00Z,True,ARS,NFO,1,16,3,0,3,5,Arsenal,Nott'm Forest
32,4,2025-09-13T14:00:00Z,True,BOU,BHA,4,6,2,1,3,3,Bournemouth,Brighton
35,4,2025-09-13T14:00:00Z,True,CRY,SUN,8,17,0,0,2,3,Crystal Palace,Sunderland
36,4,2025-09-13T14:00:00Z,True,EVE,AVL,9,2,0,0,3,3,Everton,Aston Villa
37,4,2025-09-13T14:00:00Z,True,FUL,LEE,10,11,1,0,2,3,Fulham,Leeds
39,4,2025-09-13T14:00:00Z,True,NEW,WOL,15,20,1,0,1,3,Newcastle,Wolves
40,4,2025-09-13T16:30:00Z,True,WHU,TOT,19,18,0,3,3,3,West Ham,Spurs
33,4,2025-09-13T19:00:00Z,True,BRE,CHE,5,7,2,2,3,3,Brentford,Chelsea
34,4,2025-09-14T13:00:00Z,True,BUR,LIV,3,12,0,1,4,2,Burnley,Liverpool
38,4,2025-09-14T15:30:00Z,True,MCI,MUN,13,14,3,0,4,5,Man City,Man Utd
46,5,2025-09-20T11:30:00Z,True,LIV,EVE,12,9,2,1,3,4,Liverpool,Everton
43,5,2025-09-20T14:00:00Z,True,BHA,TOT,6,18,2,2,3,4,Brighton,Spurs
44,5,2025-09-20T14:00:00Z,True,BUR,NFO,3,16,1,1,3,2,Burnley,Nott'm Forest
49,5,2025-09-20T14:00:00Z,True,WHU,CRY,19,8,1,2,3,3,West Ham,Crystal Palace
50,5,2025-09-20T14:00:00Z,True,WOL,LEE,20,11,1,3,2,2,Wolves,Leeds
47,5,2025-09-20T16:30:00Z,True,MUN,CHE,14,7,2,1,3,4,Man Utd,Chelsea
45,5,2025-09-20T19:00:00Z,True,FUL,BRE,10,5,3,1,3,3,Fulham,Brentford
42,5,2025-09-21T13:00:00Z,True,BOU,NEW,4,15,0,0,3,3,Bournemouth,Newcastle
48,5,2025-09-21T13:00:00Z,True,SUN,AVL,17,2,1,1,3,3,Sunderland,Aston Villa
41,5,2025-09-21T15:30:00Z,True,ARS,MCI,1,13,1,1,4,5,Arsenal,Man City
52,6,2025-09-27T11:30:00Z,True,BRE,MUN,5,14,3,1,4,3,Brentford,Man Utd
53,6,2025-09-27T14:00:00Z,True,CHE,BHA,7,6,1,3,3,4,Chelsea,Brighton
54,6,2025-09-27T14:00:00Z,True,CRY,LIV,8,12,2,1,4,3,Crystal Palace,Liverpool
56,6,2025-09-27T14:00:00Z,True,LEE,BOU,11,4,2,2,3,3,Leeds,Bournemouth
57,6,2025-09-27T14:00:00Z,True,MCI,BUR,13,3,5,1,1,5,Man City,Burnley
59,6,2025-09-27T16:30:00Z,True,NFO,SUN,16,17,0,1,2,3,Nott'm Forest,Sunderland
60,6,2025-09-27T19:00:00Z,True,TOT,WOL,18,20,1,1,1,3,Spurs,Wolves
51,6,2025-09-28T13:00:00Z,True,AVL,FUL,2,10,3,1,2,4,Aston Villa,Fulham
58,6,2025-09-28T15:30:00Z,True,NEW,ARS,15,1,1,2,4,3,Newcastle,Arsenal
55,6,2025-09-29T19:00:00Z,True,EVE,WHU,9,19,1,1,2,3,Everton,West Ham
63,7,2025-10-03T19:00:00Z,True,BOU,FUL,4,10,3,1,2,3,Bournemouth,Fulham
67,7,2025-10-04T11:30:00Z,True,LEE,TOT,11,18,1,2,3,3,Leeds,Spurs
61,7,2025-10-04T14:00:00Z,True,ARS,WHU,1,19,2,0,2,5,Arsenal,West Ham
68,7,2025-10-04T14:00:00Z,True,MUN,SUN,14,17,2,0,2,4,Man Utd,Sunderland
65,7,2025-10-04T16:30:00Z,True,CHE,LIV,7,12,2,1,4,4,Chelsea,Liverpool
62,7,2025-10-05T13:00:00Z,True,AVL,BUR,2,3,2,1,1,4,Aston Villa,Burnley
66,7,2025-10-05T13:00:00Z,True,EVE,CRY,9,8,2,1,3,3,Everton,Crystal Palace
69,7,2025-10-05T13:00:00Z,True,NEW,NFO,15,16,2,0,3,3,Newcastle,Nott'm Forest
70,7,2025-10-05T13:00:00Z,True,WOL,BHA,20,6,1,1,3,2,Wolves,Brighton
64,7,2025-10-05T15:30:00Z,True,BRE,MCI,5,13,0,1,4,3,Brentford,Man City
77,8,2025-10-18T11:30:00Z,True,NFO,CHE,16,7,0,3,3,3,Nott'm Forest,Chelsea
71,8,2025-10-18T14:00:00Z,True,BHA,NEW,6,15,2,1,3,4,Brighton,Newcastle
72,8,2025-10-18T14:00:00Z,True,BUR,LEE,3,11,2,0,2,2,Burnley,Leeds
73,8,2025-10-18T14:00:00Z,True,CRY,BOU,8,4,3,3,3,3,Crystal Palace,Bournemouth
76,8,2025-10-18T14:00:00Z,True,MCI,EVE,13,9,2,0,3,5,Man City,Everton
78,8,2025-10-18T14:00:00Z,True,SUN,WOL,17,20,2,0,1,3,Sunderland,Wolves
74,8,2025-10-18T16:30:00Z,True,FUL,ARS,10,1,0,1,4,3,Fulham,Arsenal
79,8,2025-10-19T13:00:00Z,True,TOT,AVL,18,2,1,2,3,3,Spurs,Aston Villa
75,8,2025-10-19T15:30:00Z,True,LIV,MUN,12,14,1,2,4,4,Liverpool,Man Utd
80,8,2025-10-20T19:00:00Z,True,WHU,BRE,19,5,0,2,3,3,West Ham,Brentford
87,9,2025-10-24T19:00:00Z,True,LEE,WHU,11,19,2,1,2,3,Leeds,West Ham
85,9,2025-10-25T14:00:00Z,True,CHE,SUN,7,17,1,2,2,4,Chelsea,Sunderland
89,9,2025-10-25T14:00:00Z,True,NEW,FUL,15,10,2,1,2,3,Newcastle,Fulham
88,9,2025-10-25T16:30:00Z,True,MUN,BHA,14,6,4,2,3,4,Man Utd,Brighton
84,9,2025-10-25T19:00:00Z,True,BRE,LIV,5,12,3,2,4,3,Brentford,Liverpool
81,9,2025-10-26T14:00:00Z,True,ARS,CRY,1,8,1,0,3,5,Arsenal,Crystal Palace
82,9,2025-10-26T14:00:00Z,True,AVL,MCI,2,13,1,0,4,4,Aston Villa,Man City
83,9,2025-10-26T14:00:00Z,True,BOU,NFO,4,16,2,0,3,3,Bournemouth,Nott'm Forest
90,9,2025-10-26T14:00:00Z,True,WOL,BUR,20,3,2,3,1,2,Wolves,Burnley
86,9,2025-10-26T16:30:00Z,True,EVE,TOT,9,18,0,3,3,3,Everton,Spurs
91,10,2025-11-01T15:00:00Z,True,BHA,LEE,6,11,3,0,2,4,Brighton,Leeds
92,10,2025-11-01T15:00:00Z,True,BUR,ARS,3,1,0,2,4,2,Burnley,Arsenal
93,10,2025-11-01T15:00:00Z,True,CRY,BRE,8,5,2,0,3,3,Crystal Palace,Brentford
94,10,2025-11-01T15:00:00Z,True,FUL,WOL,10,20,3,0,1,3,Fulham,Wolves
97,10,2025-11-01T15:00:00Z,True,NFO,MUN,16,14,2,2,4,3,Nott'm Forest,Man Utd
99,10,2025-11-01T17:30:00Z,True,TOT,CHE,18,7,0,1,3,3,Spurs,Chelsea
95,10,2025-11-01T20:00:00Z,True,LIV,AVL,12,2,2,0,3,4,Liverpool,Aston Villa
100,10,2025-11-02T14:00:00Z,True,WHU,NEW,19,15,3,1,3,3,West Ham,Newcastle
96,10,2025-11-02T16:30:00Z,True,MCI,BOU,13,4,3,1,3,5,Man City,Bournemouth
98,10,2025-11-03T20:00:00Z,True,SUN,EVE,17,9,1,1,3,3,Sunderland,Everton
109,11,2025-11-08T12:30:00Z,True,TOT,MUN,18,14,2,2,4,3,Spurs,Man Utd
105,11,2025-11-08T15:00:00Z,True,EVE,FUL,9,10,2,0,2,3,Everton,Fulham
110,11,2025-11-08T15:00:00Z,True,WHU,BUR,19,3,3,2,1,3,West Ham,Burnley
108,11,2025-11-08T17:30:00Z,True,SUN,ARS,17,1,2,2,4,3,Sunderland,Arsenal
103,11,2025-11-08T20:00:00Z,True,CHE,WOL,7,20,3,0,1,4,Chelsea,Wolves
101,11,2025-11-09T14:00:00Z,True,AVL,BOU,2,4,4,0,3,4,Aston Villa,Bournemouth
102,11,2025-11-09T14:00:00Z,True,BRE,NEW,5,15,3,1,3,3,Brentford,Newcastle
104,11,2025-11-09T14:00:00Z,True,CRY,BHA,8,6,0,0,3,3,Crystal Palace,Brighton
107,11,2025-11-09T14:00:00Z,True,NFO,LEE,16,11,3,1,2,3,Nott'm Forest,Leeds
106,11,2025-11-09T16:30:00Z,True,MCI,LIV,13,12,3,0,4,5,Man City,Liverpool
114,12,2025-11-22T12:30:00Z,True,BUR,CHE,3,7,0,2,3,2,Burnley,Chelsea
112,12,2025-11-22T15:00:00Z,True,BOU,WHU,4,19,2,2,2,3,Bournemouth,West Ham
113,12,2025-11-22T15:00:00Z,True,BHA,BRE,6,5,2,1,3,4,Brighton,Brentford
115,12,2025-11-22T15:00:00Z,True,FUL,SUN,10,17,1,0,2,3,Fulham,Sunderland
117,12,2025-11-22T15:00:00Z,True,LIV,NFO,12,16,0,3,3,4,Liverpool,Nott'm Forest
120,12,2025-11-22T15:00:00Z,True,WOL,CRY,20,8,0,2,3,2,Wolves,Crystal Palace
119,12,2025-11-22T17:30:00Z,True,NEW,MCI,15,13,2,1,4,3,Newcastle,Man City
116,12,2025-11-23T14:00:00Z,True,LEE,AVL,11,2,1,2,3,3,Leeds,Aston Villa
111,12,2025-11-23T16:30:00Z,True,ARS,TOT,1,18,4,1,3,5,Arsenal,Spurs
118,12,2025-11-24T20:00:00Z,True,MUN,EVE,14,9,0,1,3,4,Man Utd,Everton
122,13,2025-11-29T15:00:00Z,True,BRE,BUR,5,3,3,1,1,3,Brentford,Burnley
126,13,2025-11-29T15:00:00Z,True,MCI,LEE,13,11,3,2,2,5,Man City,Leeds
128,13,2025-11-29T15:00:00Z,True,SUN,BOU,17,4,3,2,3,3,Sunderland,Bournemouth
125,13,2025-11-29T17:30:00Z,True,EVE,NEW,9,15,1,4,3,3,Everton,Newcastle
129,13,2025-11-29T20:00:00Z,True,TOT,FUL,18,10,1,2,2,3,Spurs,Fulham
124,13,2025-11-30T12:00:00Z,True,CRY,MUN,8,14,1,2,4,3,Crystal Palace,Man Utd
121,13,2025-11-30T14:05:00Z,True,AVL,WOL,2,20,1,0,1,4,Aston Villa,Wolves
127,13,2025-11-30T14:05:00Z,True,NFO,BHA,16,6,0,2,3,3,Nott'm Forest,Brighton
130,13,2025-11-30T14:05:00Z,True,WHU,LIV,19,12,0,2,4,3,West Ham,Liverpool
123,13,2025-11-30T16:30:00Z,True,CHE,ARS,7,1,1,1,4,4,Chelsea,Arsenal
132,14,2025-12-02T19:30:00Z,True,BOU,EVE,4,9,0,1,3,3,Bournemouth,Everton
135,14,2025-12-02T19:30:00Z,True,FUL,MCI,10,13,4,5,4,3,Fulham,Man City
139,14,2025-12-02T20:15:00Z,True,NEW,TOT,15,18,2,2,3,3,Newcastle,Spurs
131,14,2025-12-03T19:30:00Z,True,ARS,BRE,1,5,2,0,3,5,Arsenal,Brentford
133,14,2025-12-03T19:30:00Z,True,BHA,AVL,6,2,3,4,3,4,Brighton,Aston Villa
134,14,2025-12-03T19:30:00Z,True,BUR,CRY,3,8,0,1,3,2,Burnley,Crystal Palace
140,14,2025-12-03T19:30:00Z,True,WOL,NFO,20,16,0,1,3,2,Wolves,Nott'm Forest
136,14,2025-12-03T20:15:00Z,True,LEE,CHE,11,7,3,1,3,3,Leeds,Chelsea
137,14,2025-12-03T20:15:00Z,True,LIV,SUN,12,17,1,1,2,4,Liverpool,Sunderland
138,14,2025-12-04T20:00:00Z,True,MUN,WHU,14,19,1,1,2,4,Man Utd,West Ham
141,15,2025-12-06T12:30:00Z,True,AVL,ARS,2,1,2,1,4,4,Aston Villa,Arsenal
142,15,2025-12-06T15:00:00Z,True,BOU,CHE,4,7,0,0,3,3,Bournemouth,Chelsea
144,15,2025-12-06T15:00:00Z,True,EVE,NFO,9,16,3,0,3,3,Everton,Nott'm Forest
147,15,2025-12-06T15:00:00Z,True,MCI,SUN,13,17,3,0,2,5,Man City,Sunderland
148,15,2025-12-06T15:00:00Z,True,NEW,BUR,15,3,2,1,1,3,Newcastle,Burnley
149,15,2025-12-06T15:00:00Z,True,TOT,BRE,18,5,2,0,3,3,Spurs,Brentford
146,15,2025-12-06T17:30:00Z,True,LEE,LIV,11,12,3,3,4,3,Leeds,Liverpool
143,15,2025-12-07T14:00:00Z,True,BHA,WHU,6,19,1,1,2,4,Brighton,West Ham
145,15,2025-12-07T16:30:00Z,True,FUL,CRY,10,8,1,2,3,3,Fulham,Crystal Palace
150,15,2025-12-08T20:00:00Z,True,WOL,MUN,20,14,1,4,4,2,Wolves,Man Utd
154,16,2025-12-13T15:00:00Z,True,CHE,EVE,7,9,2,0,3,4,Chelsea,Everton
156,16,2025-12-13T15:00:00Z,True,LIV,BHA,12,6,2,0,3,4,Liverpool,Brighton
153,16,2025-12-13T17:30:00Z,True,BUR,FUL,3,10,2,3,2,2,Burnley,Fulham
151,16,2025-12-13T20:00:00Z,True,ARS,WOL,1,20,2,1,1,5,Arsenal,Wolves
155,16,2025-12-14T14:00:00Z,True,CRY,MCI,8,13,0,3,4,3,Crystal Palace,Man City
158,16,2025-12-14T14:00:00Z,True,NFO,TOT,16,18,3,0,3,3,Nott'm Forest,Spurs
159,16,2025-12-14T14:00:00Z,True,SUN,NEW,17,15,1,0,3,3,Sunderland,Newcastle
160,16,2025-12-14T14:00:00Z,True,WHU,AVL,19,2,2,3,3,3,West Ham,Aston Villa
152,16,2025-12-14T16:30:00Z,True,BRE,LEE,5,11,1,1,2,3,Brentford,Leeds
157,16,2025-12-15T20:00:00Z,True,MUN,BOU,14,4,4,4,3,4,Man Utd,Bournemouth
168,17,2025-12-20T12:30:00Z,True,NEW,CHE,15,7,2,2,3,3,Newcastle,Chelsea
162,17,2025-12-20T15:00:00Z,True,BOU,BUR,4,3,1,1,1,3,Bournemouth,Burnley
163,17,2025-12-20T15:00:00Z,True,BHA,SUN,6,17,0,0,2,4,Brighton,Sunderland
167,17,2025-12-20T15:00:00Z,True,MCI,WHU,13,19,3,0,2,5,Man City,West Ham
170,17,2025-12-20T15:00:00Z,True,WOL,BRE,20,5,0,2,3,2,Wolves,Brentford
169,17,2025-12-20T17:30:00Z,True,TOT,LIV,18,12,1,2,4,3,Spurs,Liverpool
164,17,2025-12-20T20:00:00Z,True,EVE,ARS,9,1,0,1,4,3,Everton,Arsenal
166,17,2025-12-20T20:00:00Z,True,LEE,CRY,11,8,4,1,3,3,Leeds,Crystal Palace
161,17,2025-12-21T16:30:00Z,True,AVL,MUN,2,14,2,1,4,4,Aston Villa,Man Utd
165,17,2025-12-22T20:00:00Z,True,FUL,NFO,10,16,1,0,3,3,Fulham,Nott'm Forest
177,18,2025-12-26T20:00:00Z,True,MUN,NEW,14,15,1,0,3,4,Man Utd,Newcastle
178,18,2025-12-27T12:30:00Z,True,NFO,MCI,16,13,1,2,4,3,Nott'm Forest,Man City
171,18,2025-12-27T15:00:00Z,True,ARS,BHA,1,6,2,1,3,5,Arsenal,Brighton
172,18,2025-12-27T15:00:00Z,True,BRE,BOU,5,4,4,1,3,3,Brentford,Bournemouth
173,18,2025-12-27T15:00:00Z,True,BUR,EVE,3,9,0,0,3,2,Burnley,Everton
176,18,2025-12-27T15:00:00Z,True,LIV,WOL,12,20,2,1,1,4,Liverpool,Wolves
180,18,2025-12-27T15:00:00Z,True,WHU,FUL,19,10,0,1,2,3,West Ham,Fulham
174,18,2025-12-27T17:30:00Z,True,CHE,AVL,7,2,1,2,3,4,Chelsea,Aston Villa
179,18,2025-12-28T14:00:00Z,True,SUN,LEE,17,11,1,1,2,3,Sunderland,Leeds
175,18,2025-12-28T16:30:00Z,True,CRY,TOT,8,18,0,1,3,3,Crystal Palace,Spurs
183,19,2025-12-30T19:30:00Z,True,BUR,NEW,3,15,1,3,3,2,Burnley,Newcastle
184,19,2025-12-30T19:30:00Z,True,CHE,BOU,7,4,2,2,3,4,Chelsea,Bournemouth
188,19,2025-12-30T19:30:00Z,True,NFO,EVE,16,9,0,2,3,3,Nott'm Forest,Everton
190,19,2025-12-30T19:30:00Z,True,WHU,BHA,19,6,2,2,3,3,West Ham,Brighton
181,19,2025-12-30T20:15:00Z,True,ARS,AVL,1,2,4,1,3,5,Arsenal,Aston Villa
187,19,2025-12-30T20:15:00Z,True,MUN,WOL,14,20,1,1,1,4,Man Utd,Wolves
185,19,2026-01-01T17:30:00Z,True,CRY,FUL,8,10,1,1,2,3,Crystal Palace,Fulham
186,19,2026-01-01T17:30:00Z,True,LIV,LEE,12,11,0,0,2,4,Liverpool,Leeds
182,19,2026-01-01T20:00:00Z,True,BRE,TOT,5,18,0,0,3,3,Brentford,Spurs
189,19,2026-01-01T20:00:00Z,True,SUN,MCI,17,13,0,0,4,3,Sunderland,Man City
191,20,2026-01-03T12:30:00Z,True,AVL,NFO,2,16,3,1,3,4,Aston Villa,Nott'm Forest
193,20,2026-01-03T15:00:00Z,True,BHA,BUR,6,3,2,0,1,4,Brighton,Burnley
200,20,2026-01-03T15:00:00Z,True,WOL,WHU,20,19,3,0,2,2,Wolves,West Ham
192,20,2026-01-03T17:30:00Z,True,BOU,ARS,4,1,2,3,4,3,Bournemouth,Arsenal
196,20,2026-01-04T12:30:00Z,True,LEE,MUN,11,14,1,1,4,3,Leeds,Man Utd
194,20,2026-01-04T15:00:00Z,True,EVE,BRE,9,5,2,4,3,3,Everton,Brentford
198,20,2026-01-04T15:00:00Z,True,NEW,CRY,15,8,2,0,3,3,Newcastle,Crystal Palace
199,20,2026-01-04T15:00:00Z,True,TOT,SUN,18,17,1,1,2,3,Spurs,Sunderland
195,20,2026-01-04T15:15:00Z,True,FUL,LIV,10,12,2,2,4,3,Fulham,Liverpool
197,20,2026-01-04T17:30:00Z,True,MCI,CHE,13,7,1,1,3,5,Man City,Chelsea
210,21,2026-01-06T20:00:00Z,True,WHU,NFO,19,16,1,2,3,3,West Ham,Nott'm Forest
202,21,2026-01-07T19:30:00Z,True,BOU,TOT,4,18,3,2,3,3,Bournemouth,Spurs
203,21,2026-01-07T19:30:00Z,True,BRE,SUN,5,17,3,0,2,3,Brentford,Sunderland
205,21,2026-01-07T19:30:00Z,True,CRY,AVL,8,2,0,0,3,3,Crystal Palace,Aston Villa
206,21,2026-01-07T19:30:00Z,True,EVE,WOL,9,20,1,1,1,3,Everton,Wolves
207,21,2026-01-07T19:30:00Z,True,FUL,CHE,10,7,2,1,3,3,Fulham,Chelsea
208,21,2026-01-07T19:30:00Z,True,MCI,BHA,13,6,1,1,3,5,Man City,Brighton
204,21,2026-01-07T20:15:00Z,True,BUR,MUN,3,14,2,2,4,2,Burnley,Man Utd
209,21,2026-01-07T20:15:00Z,True,NEW,LEE,15,11,4,3,2,3,Newcastle,Leeds
201,21,2026-01-08T20:00:00Z,True,ARS,LIV,1,12,0,0,4,5,Arsenal,Liverpool
216,22,2026-01-17T12:30:00Z,True,MUN,MCI,14,13,2,0,4,4,Man Utd,Man City
213,22,2026-01-17T15:00:00Z,True,CHE,BRE,7,5,2,0,3,4,Chelsea,Brentford
214,22,2026-01-17T15:00:00Z,True,LEE,FUL,11,10,1,0,2,3,Leeds,Fulham
215,22,2026-01-17T15:00:00Z,True,LIV,BUR,12,3,1,1,1,4,Liverpool,Burnley
219,22,2026-01-17T15:00:00Z,True,TOT,WHU,18,19,1,2,2,3,Spurs,West Ham
218,22,2026-01-17T15:00:00Z,True,SUN,CRY,17,8,2,1,3,3,Sunderland,Crystal Palace
217,22,2026-01-17T17:30:00Z,True,NFO,ARS,16,1,0,0,4,3,Nott'm Forest,Arsenal
220,22,2026-01-18T14:00:00Z,True,WOL,NEW,20,15,0,0,3,2,Wolves,Newcastle
211,22,2026-01-18T16:30:00Z,True,AVL,EVE,2,9,0,1,3,4,Aston Villa,Everton
212,22,2026-01-19T20:00:00Z,True,BHA,BOU,6,4,1,1,3,4,Brighton,Bournemouth
230,23,2026-01-24T12:30:00Z,True,WHU,SUN,19,17,3,1,2,3,West Ham,Sunderland
224,23,2026-01-24T15:00:00Z,True,BUR,TOT,3,18,2,2,3,2,Burnley,Spurs
227,23,2026-01-24T15:00:00Z,True,FUL,BHA,10,6,2,1,3,3,Fulham,Brighton
228,23,2026-01-24T15:00:00Z,True,MCI,WOL,13,20,2,0,1,5,Man City,Wolves
222,23,2026-01-24T17:30:00Z,True,BOU,LIV,4,12,3,2,4,3,Bournemouth,Liverpool
223,23,2026-01-25T14:00:00Z,True,BRE,NFO,5,16,0,2,3,3,Brentford,Nott'm Forest
225,23,2026-01-25T14:00:00Z,True,CRY,CHE,8,7,1,3,3,3,Crystal Palace,Chelsea
229,23,2026-01-25T14:00:00Z,True,NEW,AVL,15,2,0,2,3,3,Newcastle,Aston Villa
221,23,2026-01-25T16:30:00Z,True,ARS,MUN,1,14,2,3,4,5,Arsenal,Man Utd
226,23,2026-01-26T20:00:00Z,True,EVE,LEE,9,11,1,1,2,3,Everton,Leeds
232,24,2026-01-31T15:00:00Z,True,BHA,EVE,6,9,1,1,3,4,Brighton,Everton
234,24,2026-01-31T15:00:00Z,True,LEE,ARS,11,1,0,4,4,3,Leeds,Arsenal
240,24,2026-01-31T15:00:00Z,True,WOL,BOU,20,4,0,2,3,2,Wolves,Bournemouth
233,24,2026-01-31T17:30:00Z,True,CHE,WHU,7,19,3,2,2,4,Chelsea,West Ham
235,24,2026-01-31T20:00:00Z,True,LIV,NEW,12,15,4,1,3,4,Liverpool,Newcastle
231,24,2026-02-01T14:00:00Z,True,AVL,BRE,2,5,0,1,3,4,Aston Villa,Brentford
236,24,2026-02-01T14:00:00Z,True,MUN,FUL,14,10,3,2,2,4,Man Utd,Fulham
237,24,2026-02-01T14:00:00Z,True,NFO,CRY,16,8,1,1,3,3,Nott'm Forest,Crystal Palace
239,24,2026-02-01T16:30:00Z,True,TOT,MCI,18,13,2,2,4,3,Spurs,Man City
238,24,2026-02-02T20:00:00Z,True,SUN,BUR,17,3,3,0,1,3,Sunderland,Burnley
246,25,2026-02-06T20:00:00Z,True,LEE,NFO,11,16,3,1,3,3,Leeds,Nott'm Forest
248,25,2026-02-07T12:30:00Z,True,MUN,TOT,14,18,2,0,3,4,Man Utd,Spurs
241,25,2026-02-07T15:00:00Z,True,ARS,SUN,1,17,3,0,2,5,Arsenal,Sunderland
242,25,2026-02-07T15:00:00Z,True,BOU,AVL,4,2,1,1,3,3,Bournemouth,Aston Villa
244,25,2026-02-07T15:00:00Z,True,BUR,WHU,3,19,0,2,2,2,Burnley,West Ham
245,25,2026-02-07T15:00:00Z,True,FUL,EVE,10,9,1,2,3,3,Fulham,Everton
250,25,2026-02-07T15:00:00Z,True,WOL,CHE,20,7,1,3,3,2,Wolves,Chelsea
249,25,2026-02-07T17:30:00Z,True,NEW,BRE,15,5,2,3,3,3,Newcastle,Brentford
243,25,2026-02-08T14:00:00Z,True,BHA,CRY,6,8,0,1,3,4,Brighton,Crystal Palace
247,25,2026-02-08T16:30:00Z,True,LIV,MCI,12,13,1,2,4,4,Liverpool,Man City
253,26,2026-02-10T19:30:00Z,True,CHE,LEE,7,11,2,2,2,4,Chelsea,Leeds
255,26,2026-02-10T19:30:00Z,True,EVE,BOU,9,4,1,2,3,3,Everton,Bournemouth
259,26,2026-02-10T19:30:00Z,True,TOT,NEW,18,15,1,2,3,3,Spurs,Newcastle
260,26,2026-02-10T20:15:00Z,True,WHU,MUN,19,14,1,1,4,3,West Ham,Man Utd
251,26,2026-02-11T19:30:00Z,True,AVL,BHA,2,6,1,0,3,4,Aston Villa,Brighton
256,26,2026-02-11T19:30:00Z,True,MCI,FUL,13,10,3,0,2,5,Man City,Fulham
257,26,2026-02-11T19:30:00Z,True,NFO,WOL,16,20,0,0,1,3,Nott'm Forest,Wolves
254,26,2026-02-11T19:40:00Z,True,CRY,BUR,8,3,2,3,1,3,Crystal Palace,Burnley
258,26,2026-02-11T20:15:00Z,True,SUN,LIV,17,12,0,1,4,3,Sunderland,Liverpool
252,26,2026-02-12T20:00:00Z,True,BRE,ARS,5,1,1,1,4,3,Brentford,Arsenal
310,26,2026-02-18T20:00:00Z,True,WOL,ARS,20,1,2,2,4,2,Wolves,Arsenal
261,27,2026-02-21T15:00:00Z,True,AVL,LEE,2,11,1,1,2,4,Aston Villa,Leeds
262,27,2026-02-21T15:00:00Z,True,BRE,BHA,5,6,0,2,3,3,Brentford,Brighton
263,27,2026-02-21T15:00:00Z,True,CHE,BUR,7,3,1,1,1,4,Chelsea,Burnley
270,27,2026-02-21T17:30:00Z,True,WHU,BOU,19,4,0,0,3,3,West Ham,Bournemouth
266,27,2026-02-21T20:00:00Z,True,MCI,NEW,13,15,2,1,3,5,Man City,Newcastle
264,27,2026-02-22T14:00:00Z,True,CRY,WOL,8,20,1,0,1,3,Crystal Palace,Wolves
267,27,2026-02-22T14:00:00Z,True,NFO,LIV,16,12,0,1,4,3,Nott'm Forest,Liverpool
268,27,2026-02-22T14:00:00Z,True,SUN,FUL,17,10,1,3,2,3,Sunderland,Fulham
269,27,2026-02-22T16:30:00Z,True,TOT,ARS,18,1,1,4,4,3,Spurs,Arsenal
265,27,2026-02-23T20:00:00Z,True,EVE,MUN,9,14,0,1,4,3,Everton,Man Utd
280,28,2026-02-27T20:00:00Z,True,WOL,AVL,20,2,2,0,3,2,Wolves,Aston Villa
272,28,2026-02-28T12:30:00Z,True,BOU,SUN,4,17,1,1,2,3,Bournemouth,Sunderland
274,28,2026-02-28T15:00:00Z,True,BUR,BRE,3,5,3,4,3,2,Burnley,Brentford
277,28,2026-02-28T15:00:00Z,True,LIV,WHU,12,19,5,2,2,4,Liverpool,West Ham
279,28,2026-02-28T15:00:00Z,True,NEW,EVE,15,9,2,3,3,3,Newcastle,Everton
276,28,2026-02-28T17:30:00Z,True,LEE,MCI,11,13,0,1,4,3,Leeds,Man City
273,28,2026-03-01T14:00:00Z,True,BHA,NFO,6,16,2,1,3,4,Brighton,Nott'm Forest
275,28,2026-03-01T14:00:00Z,True,FUL,TOT,10,18,2,1,3,3,Fulham,Spurs
278,28,2026-03-01T14:00:00Z,True,MUN,CRY,14,8,2,1,3,4,Man Utd,Crystal Palace
271,28,2026-03-01T16:30:00Z,True,ARS,CHE,1,7,2,1,3,5,Arsenal,Chelsea
282,29,2026-03-03T19:30:00Z,True,BOU,BRE,4,5,0,0,3,3,Bournemouth,Brentford
284,29,2026-03-03T19:30:00Z,True,EVE,BUR,9,3,2,0,1,3,Everton,Burnley
286,29,2026-03-03T19:30:00Z,True,LEE,SUN,11,17,0,1,2,3,Leeds,Sunderland
290,29,2026-03-03T20:15:00Z,True,WOL,LIV,20,12,2,1,4,2,Wolves,Liverpool
281,29,2026-03-04T19:30:00Z,True,AVL,CHE,2,7,1,4,3,4,Aston Villa,Chelsea
283,29,2026-03-04T19:30:00Z,True,BHA,ARS,6,1,0,1,4,4,Brighton,Arsenal
285,29,2026-03-04T19:30:00Z,True,FUL,WHU,10,19,0,1,2,3,Fulham,West Ham
287,29,2026-03-04T19:30:00Z,True,MCI,NFO,13,16,2,2,3,5,Man City,Nott'm Forest
288,29,2026-03-04T20:15:00Z,True,NEW,MUN,15,14,2,1,4,3,Newcastle,Man Utd
289,29,2026-03-05T20:00:00Z,True,TOT,CRY,18,8,1,3,3,3,Spurs,Crystal Palace
293,30,2026-03-14T15:00:00Z,True,BUR,BOU,3,4,0,0,3,2,Burnley,Bournemouth
299,30,2026-03-14T15:00:00Z,True,SUN,BHA,17,6,0,1,3,3,Sunderland,Brighton
291,30,2026-03-14T17:30:00Z,True,ARS,EVE,1,9,2,0,3,5,Arsenal,Everton
294,30,2026-03-14T17:30:00Z,True,CHE,NEW,7,15,0,1,3,4,Chelsea,Newcastle
300,30,2026-03-14T20:00:00Z,True,WHU,MCI,19,13,1,1,4,3,West Ham,Man City
295,30,2026-03-15T14:00:00Z,True,CRY,LEE,8,11,0,0,2,3,Crystal Palace,Leeds
297,30,2026-03-15T14:00:00Z,True,MUN,AVL,14,2,3,1,3,4,Man Utd,Aston Villa
298,30,2026-03-15T14:00:00Z,True,NFO,FUL,16,10,0,0,2,3,Nott'm Forest,Fulham
296,30,2026-03-15T16:30:00Z,True,LIV,TOT,12,18,1,1,3,4,Liverpool,Spurs
292,30,2026-03-16T20:00:00Z,True,BRE,WOL,5,20,2,2,1,3,Brentford,Wolves
302,31,2026-03-20T20:00:00Z,True,BOU,MUN,4,14,2,2,4,3,Bournemouth,Man Utd
303,31,2026-03-21T12:45:00Z,True,BHA,LIV,6,12,2,1,4,4,Brighton,Liverpool
305,31,2026-03-21T15:00:00Z,True,FUL,BUR,10,3,3,1,1,3,Fulham,Burnley
304,31,2026-03-21T17:30:00Z,True,EVE,CHE,9,7,3,0,3,3,Everton,Chelsea
306,31,2026-03-21T20:00:00Z,True,LEE,BRE,11,5,0,0,3,3,Leeds,Brentford
308,31,2026-03-22T12:00:00Z,True,NEW,SUN,15,17,1,2,2,3,Newcastle,Sunderland
301,31,2026-03-22T14:15:00Z,True,AVL,WHU,2,19,2,0,2,4,Aston Villa,West Ham
309,31,2026-03-22T14:15:00Z,True,TOT,NFO,18,16,0,3,3,3,Spurs,Nott'm Forest
320,32,2026-04-10T19:00:00Z,True,WHU,WOL,19,20,4,0,1,3,West Ham,Wolves
311,32,2026-04-11T11:30:00Z,True,ARS,BOU,1,4,1,2,3,5,Arsenal,Bournemouth
312,32,2026-04-11T14:00:00Z,True,BRE,EVE,5,9,2,2,3,3,Brentford,Everton
313,32,2026-04-11T14:00:00Z,True,BUR,BHA,3,6,0,2,3,2,Burnley,Brighton
316,32,2026-04-11T16:30:00Z,True,LIV,FUL,12,10,2,0,2,4,Liverpool,Fulham
315,32,2026-04-12T13:00:00Z,True,CRY,NEW,8,15,2,1,3,3,Crystal Palace,Newcastle
318,32,2026-04-12T13:00:00Z,True,NFO,AVL,16,2,1,1,3,3,Nott'm Forest,Aston Villa
319,32,2026-04-12T13:00:00Z,True,SUN,TOT,17,18,1,0,3,3,Sunderland,Spurs
314,32,2026-04-12T15:30:00Z,True,CHE,MCI,7,13,0,3,4,4,Chelsea,Man City
317,32,2026-04-13T19:00:00Z,True,MUN,LEE,14,11,1,2,2,4,Man Utd,Leeds
322,33,2026-04-18T11:30:00Z,True,BRE,FUL,5,10,0,0,2,3,Brentford,Fulham
326,33,2026-04-18T14:00:00Z,True,LEE,WOL,11,20,3,0,1,3,Leeds,Wolves
328,33,2026-04-18T14:00:00Z,True,NEW,BOU,15,4,1,2,3,3,Newcastle,Bournemouth
330,33,2026-04-18T16:30:00Z,True,TOT,BHA,18,6,2,2,3,3,Spurs,Brighton
323,33,2026-04-18T19:00:00Z,True,CHE,MUN,7,14,0,1,4,4,Chelsea,Man Utd
321,33,2026-04-19T13:00:00Z,True,AVL,SUN,2,17,4,3,2,4,Aston Villa,Sunderland
325,33,2026-04-19T13:00:00Z,True,EVE,LIV,9,12,1,2,4,3,Everton,Liverpool
329,33,2026-04-19T13:00:00Z,True,NFO,BUR,16,3,4,1,1,3,Nott'm Forest,Burnley
327,33,2026-04-19T15:30:00Z,True,MCI,ARS,13,1,2,1,4,5,Man City,Arsenal
324,33,2026-04-20T19:00:00Z,True,CRY,WHU,8,19,0,0,2,3,Crystal Palace,West Ham
333,33,2026-04-21T19:00:00Z,True,BHA,CHE,6,7,3,0,3,4,Brighton,Chelsea
332,33,2026-04-22T19:00:00Z,True,BOU,LEE,4,11,2,2,2,3,Bournemouth,Leeds
334,33,2026-04-22T19:00:00Z,True,BUR,MCI,3,13,0,1,4,2,Burnley,Man City
338,34,2026-04-24T19:00:00Z,True,SUN,NFO,17,16,0,5,3,3,Sunderland,Nott'm Forest
335,34,2026-04-25T11:30:00Z,True,FUL,AVL,10,2,1,0,3,3,Fulham,Aston Villa
336,34,2026-04-25T14:00:00Z,True,LIV,CRY,12,8,3,1,3,4,Liverpool,Crystal Palace
339,34,2026-04-25T14:00:00Z,True,WHU,EVE,19,9,2,1,3,3,West Ham,Everton
340,34,2026-04-25T14:00:00Z,True,WOL,TOT,20,18,0,1,3,2,Wolves,Spurs
331,34,2026-04-25T16:30:00Z,True,ARS,NEW,1,15,1,0,3,5,Arsenal,Newcastle
337,34,2026-04-27T19:00:00Z,True,MUN,BRE,14,5,2,1,3,4,Man Utd,Brentford
347,35,2026-05-01T19:00:00Z,True,LEE,BUR,11,3,3,1,1,3,Leeds,Burnley
344,35,2026-05-02T14:00:00Z,True,BRE,WHU,5,19,3,0,2,3,Brentford,West Ham
349,35,2026-05-02T14:00:00Z,True,NEW,BHA,15,6,3,1,3,3,Newcastle,Brighton
350,35,2026-05-02T14:00:00Z,True,WOL,SUN,20,17,1,1,2,2,Wolves,Sunderland
341,35,2026-05-02T16:30:00Z,True,ARS,FUL,1,10,3,0,2,5,Arsenal,Fulham
343,35,2026-05-03T13:00:00Z,True,BOU,CRY,4,8,3,0,3,3,Bournemouth,Crystal Palace
348,35,2026-05-03T14:30:00Z,True,MUN,LIV,14,12,3,2,4,4,Man Utd,Liverpool
342,35,2026-05-03T18:00:00Z,True,AVL,TOT,2,18,1,2,3,4,Aston Villa,Spurs
345,35,2026-05-04T14:00:00Z,True,CHE,NFO,7,16,1,3,3,4,Chelsea,Nott'm Forest
346,35,2026-05-04T19:00:00Z,True,EVE,MCI,9,13,3,3,4,3,Everton,Man City
355,36,2026-05-09T11:30:00Z,True,LIV,CHE,12,7,1,1,3,4,Liverpool,Chelsea
351,36,2026-05-09T14:00:00Z,True,BHA,WOL,6,20,3,0,1,4,Brighton,Wolves
354,36,2026-05-09T14:00:00Z,True,FUL,BOU,10,4,0,1,3,3,Fulham,Bournemouth
358,36,2026-05-09T14:00:00Z,True,SUN,MUN,17,14,0,0,4,3,Sunderland,Man Utd
356,36,2026-05-09T16:30:00Z,True,MCI,BRE,13,5,3,0,3,5,Man City,Brentford
352,36,2026-05-10T13:00:00Z,True,BUR,AVL,3,2,2,2,3,2,Burnley,Aston Villa
353,36,2026-05-10T13:00:00Z,True,CRY,EVE,8,9,2,2,3,3,Crystal Palace,Everton
357,36,2026-05-10T13:00:00Z,True,NFO,NEW,16,15,1,1,3,3,Nott'm Forest,Newcastle
360,36,2026-05-10T15:30:00Z,True,WHU,ARS,19,1,0,1,4,3,West Ham,Arsenal
359,36,2026-05-11T19:00:00Z,True,TOT,LEE,18,11,1,1,2,3,Spurs,Leeds
307,36,2026-05-13T19:00:00Z,True,MCI,CRY,13,8,3,0,3,5,Man City,Crystal Palace
362,37,2026-05-15T19:00:00Z,True,AVL,LIV,2,12,4,2,4,4,Aston Villa,Liverpool
368,37,2026-05-17T11:30:00Z,True,MUN,NFO,14,16,3,2,3,4,Man Utd,Nott'm Forest
364,37,2026-05-17T14:00:00Z,True,BRE,CRY,5,8,2,2,3,3,Brentford,Crystal Palace
366,37,2026-05-17T14:00:00Z,True,EVE,SUN,9,17,1,3,2,3,Everton,Sunderland
367,37,2026-05-17T14:00:00Z,True,LEE,BHA,11,6,1,0,3,3,Leeds,Brighton
370,37,2026-05-17T14:00:00Z,True,WOL,FUL,20,10,1,1,2,2,Wolves,Fulham
369,37,2026-05-17T16:30:00Z,True,NEW,WHU,15,19,3,1,2,3,Newcastle,West Ham
361,37,2026-05-18T19:00:00Z,True,ARS,BUR,1,3,1,0,1,5,Arsenal,Burnley
363,37,2026-05-19T18:30:00Z,True,BOU,MCI,4,13,1,1,4,3,Bournemouth,Man City
365,37,2026-05-19T19:15:00Z,True,CHE,TOT,7,18,2,1,3,4,Chelsea,Spurs
371,38,2026-05-24T15:00:00Z,True,BHA,MUN,6,14,0,3,4,4,Brighton,Man Utd
372,38,2026-05-24T15:00:00Z,True,BUR,WOL,3,20,1,1,1,2,Burnley,Wolves
373,38,2026-05-24T15:00:00Z,True,CRY,ARS,8,1,1,2,4,3,Crystal Palace,Arsenal
374,38,2026-05-24T15:00:00Z,True,FUL,NEW,10,15,2,0,3,3,Fulham,Newcastle
375,38,2026-05-24T15:00:00Z,True,LIV,BRE,12,5,1,1,3,4,Liverpool,Brentford
376,38,2026-05-24T15:00:00Z,True,MCI,AVL,13,2,1,2,3,5,Man City,Aston Villa
377,38,2026-05-24T15:00:00Z,True,NFO,BOU,16,4,1,1,3,3,Nott'm Forest,Bournemouth
379,38,2026-05-24T15:00:00Z,True,TOT,EVE,18,9,1,0,3,3,Spurs,Everton
378,38,2026-05-24T15:00:00Z,True,SUN,CHE,17,7,2,1,3,3,Sunderland,Chelsea
380,38,2026-05-24T15:00:00Z,True,WHU,LEE,19,11,3,0,2,3,West Ham,Leeds
