element,web_name,team,position,gw_from_fixture,total_points_season,minutes_season,personas,flags,persona_count,starts_season
1,Raya,ARS,GKP,38,162,3330,"Sweeper Keeper, Bonus Magnet",,2,37
2,Arrizabalaga,ARS,GKP,38,2,90,None,,0,1
3,Hein,ARS,GKP,38,0,0,None,,0,0
4,Setford,ARS,GKP,38,0,0,None,,0,0
5,Gabriel,ARS,DEF,38,209,2750,"Reliable Shieldwall, Bonus Magnet, Aerial Threat",,3,30
6,Saliba,ARS,DEF,38,137,2614,Bonus Magnet,,1,30
7,Calafiori,ARS,DEF,38,109,1697,"Reliable Shieldwall, Scoring Defender, Bonus Magnet, Aerial Threat",,4,22
8,J.Timber,ARS,DEF,38,149,2452,"Scoring Defender, Bonus Magnet",,2,28
9,Kiwior,ARS,DEF,38,0,0,None,,0,0
10,Lewis-Skelly,ARS,DEF,38,29,697,None,,0,5
11,White,ARS,DEF,38,45,699,None,,0,9
12,Zinchenko,NFO,DEF,38,7,352,None,,0,4
13,Clarke,ARS,DEF,38,0,0,None,,0,0
14,Kacurri,ARS,DEF,38,0,0,None,,0,0
15,Nichols,ARS,DEF,38,0,0,None,,0,0
16,Saka,ARS,MID,38,157,2218,"Goal Machine, Creative Wizard, xGI Beast, Captaincy King, Bonus Magnet, Set Piece Threat",,6,25
17,Ødegaard,ARS,MID,38,74,1363,"Creative Wizard, Metronome, Deep Lying Creator",,3,16
18,Madueke,ARS,MID,38,72,1205,Differential,,1,16
19,Martinelli,ARS,MID,38,57,1065,Goal Machine,,1,11
20,Trossard,ARS,MID,38,119,1997,Bonus Magnet,,1,21
21,Rice,ARS,MID,38,184,3093,"Creative Wizard, Captaincy King, Bonus Magnet, Set Piece Threat, Deep Lying Creator",,5,35
22,Merino,ARS,MID,38,67,1024,"Goal Machine, Differential, Aerial Threat",,3,10
23,Fábio Vieira,ARS,MID,38,0,0,None,,0,0
24,Nørgaard,ARS,MID,38,7,101,None,,0,1
25,Nwaneri,ARS,MID,38,8,165,None,,0,0
26,Zubimendi,ARS,MID,38,133,2991,Bonus Magnet,,1,34
27,Nelson,BRE,MID,38,13,118,None,,0,0
28,Kabia,ARS,MID,38,0,0,None,,0,0
29,Sambi,ARS,MID,38,0,0,None,,0,0
30,Havertz,ARS,FWD,38,36,577,None,,0,7
31,G.Jesus,ARS,FWD,38,24,418,None,,0,3
32,Martinez,AVL,GKP,38,120,2835,Bonus Magnet,,1,32
33,M.Bizot,AVL,GKP,38,16,585,None,,0,6
34,Gauci,AVL,GKP,38,0,0,None,,0,0
35,Marschall,AVL,GKP,38,0,0,None,,0,0
36,Cash,AVL,DEF,38,117,3016,"Bonus Magnet, Set Piece Threat",,2,34
37,Digne,AVL,DEF,38,97,1842,"Attacking Defender, Bonus Magnet, Set Piece Threat",,3,21
38,Konsa,AVL,DEF,38,100,3035,"Budget Enabler, Bonus Magnet",,2,34
39,Maatsen,AVL,DEF,38,54,1590,None,,0,17
40,Mings,AVL,DEF,38,50,1322,None,,0,15
41,Pau,AVL,DEF,38,64,1673,Bonus Magnet,,1,18
42,A.García,AVL,DEF,38,5,83,None,,0,1
43,Alex Moreno,AVL,DEF,38,0,0,None,,0,0
44,Bogarde,AVL,DEF,38,40,1042,None,,0,11
45,Sousa,AVL,DEF,38,0,0,None,,0,0
46,Yasin,AVL,DEF,38,0,0,None,,0,0
47,Rogers,AVL,MID,38,169,3280,"Captaincy King, Bonus Magnet, Set Piece Threat",,3,37
48,Tielemans,AVL,MID,38,68,1857,"Metronome, Differential, Bonus Magnet",,3,21
49,Bailey,AVL,MID,38,21,450,None,,0,3
50,Buendía,AVL,MID,38,102,1753,Differential,,1,21
51,Iling Jr,AVL,MID,38,0,0,None,,0,0
52,J.Ramsey,NEW,MID,38,62,1441,None,,0,15
53,Malen,AVL,MID,38,55,640,None,,0,5
54,McGinn,AVL,MID,38,103,2136,"Differential, Bonus Magnet",,2,28
55,Barkley,AVL,MID,38,56,844,None,,0,7
56,Barrenechea,AVL,MID,38,0,0,None,,0,0
57,Dobbin,AVL,MID,38,0,0,None,,0,0
58,Kamara,AVL,MID,38,61,1410,"Differential, Bonus Magnet",,2,17
59,Onana,AVL,MID,38,76,1755,"Differential, Bonus Magnet",,2,21
60,Broggio,AVL,MID,38,0,0,None,,0,0
61,Dendoncker,AVL,MID,38,0,0,None,,0,0
62,Jimoh-Aloba,AVL,MID,38,1,8,None,,0,0
63,Young,AVL,MID,38,0,0,None,,0,0
64,Watkins,AVL,FWD,38,167,2833,"Goal Machine, Captaincy King, Bonus Magnet, Poacher, Aerial Threat",,5,33
65,Redmond,AVL,FWD,38,0,0,None,,0,0
66,Neto,BOU,GKP,38,0,0,None,,0,0
67,Petrović,BOU,GKP,38,124,3420,None,,0,38
68,Dennis,BOU,GKP,38,0,0,None,,0,0
69,McKenna,BOU,GKP,38,0,0,None,,0,0
70,Paulsen,BOU,GKP,38,0,0,None,,0,0
71,Zabarnyi,BOU,DEF,38,0,0,None,,0,0
72,Senesi,BOU,DEF,38,175,3288,"Attacking Defender, Defensive Workhorse, Bonus Magnet",,3,37
73,Smith,BOU,DEF,38,58,1073,Budget Enabler,,1,14
74,Truffert,BOU,DEF,38,165,3378,Bonus Magnet,,1,38
75,Akinmboni,BOU,DEF,38,0,0,None,,0,0
76,Bevan,BOU,DEF,38,0,0,None,,0,0
77,Hill,BOU,DEF,38,110,2102,"Defensive Workhorse, Budget Enabler, Bonus Magnet",,3,22
78,J.Araujo,BOU,DEF,38,0,0,None,,0,0
79,Mepham,BOU,DEF,38,0,0,None,,0,0
80,Soler,BOU,DEF,38,3,34,None,,0,0
81,Kluivert,BOU,MID,38,41,945,None,,0,10
82,Semenyo,MCI,MID,38,202,3200,"Goal Machine, Captaincy King, Bonus Magnet",,3,37
83,O.Dango,BRE,MID,38,136,2271,"Goal Machine, xGI Beast, Captaincy King, Bonus Magnet, Poacher, Aerial Threat",,6,25
84,Tavernier,BOU,MID,38,137,2732,"Goal Machine, Creative Wizard, xGI Beast, Captaincy King, Bonus Magnet, Set Piece Threat",,6,31
85,Adams,BOU,MID,38,77,1769,"Metronome, Differential, Bonus Magnet",,3,21
86,Brooks,BOU,MID,38,59,1188,"Goal Machine, Creative Wizard, Aerial Threat",,3,13
87,Christie,BOU,MID,38,47,978,None,,0,9
88,Cook,BOU,MID,38,40,872,None,,0,8
89,Philip,BOU,MID,38,0,0,None,,0,0
90,Scott,BOU,MID,38,136,2848,Bonus Magnet,,1,34
91,Sinisterra,BOU,MID,38,0,0,None,,0,0
92,Faivre,BOU,MID,38,0,0,None,,0,0
93,H.Traorè,BOU,MID,38,4,16,None,,0,0
94,Sadi,BOU,MID,38,0,0,None,,0,0
95,Silcott-Duberry,BOU,MID,38,0,0,None,,0,0
96,Winterburn,BOU,MID,38,1,6,None,,0,0
97,Evanilson,BOU,FWD,38,115,2741,"Goal Machine, Metronome, Poacher, Aerial Threat",,4,32
98,Enes Ünal,BOU,FWD,38,27,214,None,,0,0
99,Adu-Adjei,BOU,FWD,38,0,0,None,,0,0
100,Kroupi.Jr,BOU,FWD,38,113,1663,"Goal Machine, Bonus Magnet",,2,21
101,Kelleher,BRE,GKP,38,143,3330,"Shot Stopper, Bonus Magnet",,2,37
102,Balcombe,BRE,GKP,38,0,0,None,,0,0
103,Cox,BRE,GKP,38,0,0,None,,0,0
104,Eyestone,BRE,GKP,38,0,0,None,,0,0
105,Valdimarsson,BRE,GKP,38,1,90,None,,0,1
106,Collins,BRE,DEF,38,129,2971,"Bonus Magnet, Aerial Threat",,2,32
107,Lewis-Potter,BRE,DEF,38,115,1960,Set Piece Threat,,1,22
108,Ajer,BRE,DEF,38,76,1805,None,,0,20
109,Henry,BRE,DEF,38,52,1322,None,,0,14
110,Kayode,BRE,DEF,38,113,3258,Bonus Magnet,,1,37
111,Pinnock,BRE,DEF,38,14,318,None,,0,4
112,Roerslev,BRE,DEF,38,0,0,None,,0,0
113,Van den Berg,BRE,DEF,38,113,2761,"Scoring Defender, Budget Enabler, Bonus Magnet, Aerial Threat",,4,30
114,Arthur,BRE,DEF,38,0,0,None,,0,0
115,Fredrick,BRE,DEF,38,0,0,None,,0,0
116,Hickey,BRE,DEF,38,37,679,None,,0,8
117,Ji-soo,BRE,DEF,38,0,0,None,,0,0
118,Meghoma,BRE,DEF,38,0,0,None,,0,0
119,Mbeumo,MUN,MID,38,148,2611,"Goal Machine, Creative Wizard, xGI Beast, Captaincy King, Bonus Magnet, Set Piece Threat",,6,31
120,Schade,BRE,MID,38,125,2744,"Goal Machine, xGI Beast, Poacher, Aerial Threat",,4,32
121,Damsgaard,BRE,MID,38,113,2046,"Differential, Bonus Magnet",,2,24
122,Milambo,BRE,MID,38,1,45,None,,0,1
123,Carvalho,BRE,MID,38,13,100,None,,0,1
124,Henderson,BRE,MID,38,76,1911,"Metronome, Differential",,2,22
125,Janelt,BRE,MID,38,74,1434,"Differential, Bonus Magnet, Set Piece Threat",,3,15
126,Jensen,BRE,MID,38,98,2239,"Metronome, Differential, Bonus Magnet, Set Piece Threat",,4,26
127,Nunes,BRE,MID,38,0,0,None,,0,0
128,Onyeka,BRE,MID,38,12,88,None,,0,0
129,Yarmoliuk,BRE,MID,38,104,2652,"Metronome, Differential",,2,30
130,Donovan,BRE,MID,38,4,38,None,,0,0
131,Konak,BRE,MID,38,0,0,None,,0,0
132,Maghoma,BRE,MID,38,0,0,None,,0,0
133,Peart-Harris,BRE,MID,38,1,1,None,,0,0
134,Trevitt,BRE,MID,38,0,0,None,,0,0
135,Wissa,NEW,FWD,38,27,517,None,,0,4
136,Thiago,BRE,FWD,38,181,3282,"Goal Machine, Captaincy King, Bonus Magnet, Aerial Threat",,4,37
137,Morgan,BRE,FWD,38,0,0,None,,0,0
138,Steele,BHA,GKP,38,0,0,None,,0,0
139,Verbruggen,BHA,GKP,38,130,3420,Bonus Magnet,,1,38
140,McGill,BHA,GKP,38,0,0,None,,0,0
141,Rushworth,BHA,GKP,38,0,0,None,,0,0
142,Scherpen,BHA,GKP,38,0,0,None,,0,0
143,Boscagli,BHA,DEF,38,39,799,None,,0,9
144,Coppola,BHA,DEF,38,10,193,None,,0,2
145,De Cuyper,BHA,DEF,38,84,1404,"Attacking Defender, Set Piece Threat",,2,17
146,Dunk,BHA,DEF,38,100,2837,"Bonus Magnet, Aerial Threat",,2,31
147,Estupiñan,BHA,DEF,38,0,0,None,,0,0
148,F.Kadıoğlu,BHA,DEF,38,118,3130,"Budget Enabler, Bonus Magnet, Set Piece Threat",,3,34
149,Igor,BHA,DEF,38,6,103,None,,0,1
150,Lamptey,BHA,DEF,38,0,0,None,,0,0
151,Van Hecke,BHA,DEF,38,148,3210,Bonus Magnet,,1,36
152,Veltman,BHA,DEF,38,46,1047,None,,0,9
153,Webster,BHA,DEF,38,0,0,None,,0,0
154,Cashin,BHA,DEF,38,0,0,None,,0,0
155,Slater,BHA,DEF,38,0,0,None,,0,0
156,Tasker,BHA,DEF,38,0,0,None,,0,0
157,Mitoma,BHA,MID,38,62,1714,"Creative Wizard, Metronome",,2,19
158,Georginio,BHA,MID,38,87,1776,"Metronome, Differential, Aerial Threat",,3,20
159,March,BHA,MID,38,4,38,None,,0,0
160,Minteh,BHA,MID,38,117,2389,"Creative Wizard, Bonus Magnet",,2,26
161,Enciso,BHA,MID,38,0,0,None,,0,0
162,Gruda,BHA,MID,38,35,708,None,,0,8
163,Hinshelwood,BHA,MID,38,91,1736,Aerial Threat,,1,20
164,O'Riley,BHA,MID,38,16,202,None,,0,2
165,Sima,BHA,MID,38,0,0,None,,0,0
166,Ayari,BHA,MID,38,98,1921,"Differential, Bonus Magnet",,2,20
167,Baleba,BHA,MID,38,56,1646,None,,0,23
168,Buonanotte,LEE,MID,38,3,81,None,,0,1
169,Gomez,BHA,MID,38,97,2117,Differential,,1,26
170,Milner,BHA,MID,38,35,772,None,,0,7
171,Sarmiento,BHA,MID,38,0,0,None,,0,0
172,Watson,BHA,MID,38,5,57,None,,0,0
173,Wieffer,BHA,MID,38,94,1901,"Differential, Bonus Magnet",,2,23
174,Yalcouye,BHA,MID,38,0,0,None,,0,0
175,Knight,BHA,MID,38,1,1,None,,0,0
176,Mazilu,BHA,MID,38,0,0,None,,0,0
177,Moran,BHA,MID,38,0,0,None,,0,0
178,Welbeck,BHA,FWD,38,126,2249,"Goal Machine, Bonus Magnet, Aerial Threat",,3,26
179,Ferguson,BHA,FWD,38,0,0,None,,0,0
180,Tzimas,BHA,FWD,38,16,132,None,,0,1
181,Kostoulas,BHA,FWD,38,35,351,None,,0,2
182,Trafford,MCI,GKP,38,13,360,None,,0,4
183,Weiss,BUR,GKP,38,7,270,None,,0,3
184,Green,BUR,GKP,38,0,0,None,,0,0
185,Hladký,BUR,GKP,38,0,0,None,,0,0
186,Roberts,BUR,DEF,38,0,0,None,,0,0
187,Walker,BUR,DEF,38,70,3095,None,,0,35
188,Delcroix,BUR,DEF,38,0,0,None,,0,0
189,Dodgson,BUR,DEF,38,0,0,None,,0,0
190,Ekdal,BUR,DEF,38,52,1539,None,,0,17
191,Estève,BUR,DEF,38,85,2933,Defensive Workhorse,,1,34
192,Hartman,BUR,DEF,38,63,1825,Set Piece Threat,,1,21
193,Humphreys,BUR,DEF,38,47,1574,None,,0,17
194,Jordan,BUR,DEF,38,0,0,None,,0,0
195,Lucas Pires,BUR,DEF,38,25,1405,Set Piece Threat,,1,15
196,Sambo,BUR,DEF,38,0,0,None,,0,0
197,Sonne,BUR,DEF,38,13,164,None,,0,1
198,Tuanzebe,BUR,DEF,38,34,1201,None,,0,14
199,Worrall,BUR,DEF,38,20,496,None,,0,5
200,Anthony,BUR,MID,38,127,2717,Bonus Magnet,,1,32
201,Benson,BUR,MID,38,0,0,None,,0,0
202,Bruun Larsen,BUR,MID,38,41,1014,Set Piece Threat,,1,10
203,Boateng,BUR,MID,38,0,0,None,,0,0
204,Churlinov,BUR,MID,38,0,0,None,,0,0
205,Cullen,BUR,MID,38,70,1513,"Differential, Bonus Magnet",,2,18
206,Edwards,BUR,MID,38,51,1058,None,,0,11
207,Hannibal,BUR,MID,38,59,1219,None,,0,15
208,Koleosho,BUR,MID,38,0,0,None,,0,0
209,Laurent,BUR,MID,38,56,1752,None,,0,18
210,Tchaouna,BUR,MID,38,59,1259,None,,0,14
211,A.Ramsey,BUR,MID,38,0,0,None,,0,0
212,Adewumi,BUR,MID,38,0,0,None,,0,0
213,Banel,BUR,MID,38,1,9,None,,0,0
214,Trésor,BUR,MID,38,6,37,None,,0,0
215,Flemming,BUR,FWD,38,99,1764,"Goal Machine, Differential, Bonus Magnet, Aerial Threat",,4,21
216,Amdouni,BUR,FWD,38,4,69,None,,0,0
217,Foster,BUR,FWD,38,58,1361,None,,0,15
218,Barnes,BUR,FWD,38,5,40,None,,0,0
219,Obafemi,BUR,FWD,38,0,0,None,,0,0
220,Sánchez,CHE,GKP,38,113,3040,Bonus Magnet,,1,35
221,Jörgensen,CHE,GKP,38,9,378,None,,0,3
222,Penders,CHE,GKP,38,0,0,None,,0,0
223,Slonina,CHE,GKP,38,0,0,None,,0,0
224,Cucurella,CHE,DEF,38,104,2706,"Bonus Magnet, Deep Lying Creator",,2,31
225,James,CHE,DEF,38,115,1957,"Attacking Defender, Bonus Magnet, Set Piece Threat, Deep Lying Creator",,4,20
226,Chalobah,CHE,DEF,38,136,2780,"Bonus Magnet, Deep Lying Creator",,2,31
227,Colwill,CHE,DEF,38,8,225,None,,0,2
228,Gusto,CHE,DEF,38,96,2255,"Bonus Magnet, Deep Lying Creator",,2,26
229,B.Badiashile,CHE,DEF,38,7,470,None,,0,6
230,Fofana,CHE,DEF,38,65,1718,"Bonus Magnet, Deep Lying Creator",,2,20
231,M.Sarr,CHE,DEF,38,3,100,None,,0,1
232,Tosin,CHE,DEF,38,34,788,None,,0,8
233,Acheampong,CHE,DEF,38,39,657,None,,0,8
234,Anselmino,CHE,DEF,38,0,0,None,,0,0
235,Palmer,CHE,MID,38,114,1954,"Goal Machine, xGI Beast, Captaincy King, Bonus Magnet",,4,24
236,Neto,CHE,MID,38,125,2629,"Creative Wizard, Bonus Magnet, Set Piece Threat",,3,30
237,Enzo,CHE,MID,38,157,3114,"Goal Machine, Creative Wizard, xGI Beast, Captaincy King, Bonus Magnet, Set Piece Threat",,6,35
238,Estêvão,CHE,MID,38,58,839,"Goal Machine, Creative Wizard",,2,12
239,Gittens,CHE,MID,38,25,486,None,,0,5
240,Nkunku,CHE,MID,38,0,0,None,,0,0
241,Caicedo,CHE,MID,38,110,2796,"Bonus Magnet, Deep Lying Creator",,2,32
242,Dewsbury-Hall,EVE,MID,38,151,2629,"Captaincy King, Bonus Magnet",,2,30
243,George,EVE,MID,38,16,351,None,,0,1
244,Lavia,CHE,MID,38,13,374,None,,0,4
245,Mudryk,CHE,MID,38,0,0,None,,0,0
246,Andrey Santos,CHE,MID,38,47,1247,None,,0,13
247,D.Essugo,CHE,MID,38,1,26,None,,0,0
248,Paez,CHE,MID,38,0,0,None,,0,0
249,João Pedro,CHE,FWD,38,177,2658,"Goal Machine, Captaincy King, Chaos Merchant, Bonus Magnet, Aerial Threat",,5,31
250,Delap,CHE,FWD,38,45,1092,"Goal Machine, Aerial Threat",,2,12
251,N.Jackson,CHE,FWD,38,0,0,None,,0,0
252,Marc Guiu,CHE,FWD,38,13,265,None,,0,1
253,Henderson,CRY,GKP,38,131,3330,"Shot Stopper, Bonus Magnet",,2,37
254,Benitez,CRY,GKP,38,7,90,None,,0,1
255,Matthews,CRY,GKP,38,0,0,None,,0,0
256,Muñoz,CRY,DEF,38,136,2400,"Attacking Defender, Bonus Magnet",,2,29
257,Lacroix,CRY,DEF,38,154,3085,"Defensive Workhorse, Bonus Magnet, Aerial Threat",,3,35
258,Mitchell,CRY,DEF,38,135,3253,Bonus Magnet,,1,36
259,Sosa,CRY,DEF,38,6,99,None,,0,0
260,Guéhi,MCI,DEF,38,179,3150,"Scoring Defender, Bonus Magnet, Aerial Threat",,3,35
261,Richards,CRY,DEF,38,128,2825,"Budget Enabler, Bonus Magnet",,2,31
262,Chadi Riad,CRY,DEF,38,20,550,None,,0,6
263,Clyne,CRY,DEF,38,17,592,None,,0,7
264,Holding,CRY,DEF,38,0,0,None,,0,0
265,Kporha,CRY,DEF,38,0,0,None,,0,0
266,Eze,ARS,MID,38,113,1885,Bonus Magnet,,1,22
267,Sarr,CRY,MID,38,117,2173,"Goal Machine, xGI Beast, Captaincy King, Bonus Magnet, Poacher",,5,24
268,Doucouré,CRY,MID,38,0,0,None,,0,0
269,Esse,CRY,MID,38,4,40,None,,0,0
270,Hughes,CRY,MID,38,45,1560,None,,0,19
271,Kamada,CRY,MID,38,67,1899,"Metronome, Differential",,2,22
272,Lerma,CRY,MID,38,69,1722,Aerial Threat,,1,18
273,Wharton,CRY,MID,38,112,2552,"Creative Wizard, Differential, Bonus Magnet, Set Piece Threat, Deep Lying Creator",,5,29
274,Agbinone,CRY,MID,38,0,0,None,,0,0
275,Ahamada,CRY,MID,38,0,0,None,,0,0
276,Devenny,CRY,MID,38,36,785,None,,0,7
277,Ebiowei,CRY,MID,38,0,0,None,,0,0
278,J.Rak-Sakyi,CRY,MID,38,0,0,None,,0,0
279,M.França,CRY,MID,38,0,0,None,,0,0
280,Ozoh,CRY,MID,38,0,0,None,,0,0
281,Rodney,CRY,MID,38,1,3,None,,0,0
282,Umeh,CRY,MID,38,0,0,None,,0,0
283,Mateta,CRY,FWD,38,114,2210,"Goal Machine, xGI Beast, Aerial Threat",,3,25
284,Nketiah,CRY,FWD,38,23,414,None,,0,2
285,Édouard,CRY,FWD,38,1,2,None,,0,0
286,Marsh,CRY,FWD,38,0,0,None,,0,0
287,Pickford,EVE,GKP,38,135,3420,None,,0,38
288,Travers,EVE,GKP,38,0,0,None,,0,0
289,Tyrer,EVE,GKP,38,0,0,None,,0,0
290,Branthwaite,EVE,DEF,38,32,678,None,,0,7
291,Tarkowski,EVE,DEF,38,170,3330,"Defensive Workhorse, Bonus Magnet, Aerial Threat",,3,37
292,Mykolenko,EVE,DEF,38,95,2959,None,,0,33
293,O'Brien,EVE,DEF,38,116,3118,None,,0,35
294,Coleman,EVE,DEF,38,5,19,None,,0,1
295,Keane,EVE,DEF,38,131,2588,"Bonus Magnet, Aerial Threat",,2,29
296,Patterson,EVE,DEF,38,22,238,None,,0,3
297,Dixon,EVE,DEF,38,0,0,None,,0,0
298,Welch,EVE,DEF,38,0,0,None,,0,0
299,Ndiaye,EVE,MID,38,128,2781,"Goal Machine, Captaincy King, Bonus Magnet",,3,32
300,McNeil,EVE,MID,38,53,1161,"Metronome, Differential",,2,14
301,Alcaraz,EVE,MID,38,29,679,None,,0,6
302,Gana,EVE,MID,38,83,2094,"Differential, Bonus Magnet",,2,25
303,Garner,EVE,MID,38,159,3413,"Defensive Contributor, Captaincy King, Bonus Magnet, Set Piece Threat",,4,38
304,Iroegbunam,EVE,MID,38,68,1477,"Metronome, Differential",,2,17
305,Armstrong,EVE,MID,38,21,524,None,,0,6
306,Bates,EVE,MID,38,0,0,None,,0,0
307,Ebere,EVE,MID,38,0,0,None,,0,0
308,Heath,EVE,MID,38,0,0,None,,0,0
309,Metcalfe,EVE,MID,38,0,0,None,,0,0
310,Barry,EVE,FWD,38,95,1898,"Goal Machine, Differential, Poacher, Aerial Threat",,4,21
311,Beto,EVE,FWD,38,104,1551,"Goal Machine, Poacher, Aerial Threat",,3,17
312,Y.Chermiti,EVE,FWD,38,0,0,None,,0,0
313,Sherif,EVE,FWD,38,0,0,None,,0,0
314,Leno,FUL,GKP,38,122,3420,"Shot Stopper, Bonus Magnet",,2,38
315,Benda,FUL,GKP,38,0,0,None,,0,0
316,Robinson,FUL,DEF,38,65,1487,Bonus Magnet,,1,17
317,Andersen,FUL,DEF,38,123,2882,"Defensive Workhorse, Bonus Magnet",,2,33
318,Bassey,FUL,DEF,38,103,2532,Bonus Magnet,,1,28
319,Castagne,FUL,DEF,38,61,1838,None,,0,20
320,Diop,FUL,DEF,38,31,812,None,,0,8
321,J.Cuenca,FUL,DEF,38,39,935,None,,0,11
322,Tete,FUL,DEF,38,81,1791,"Budget Enabler, Bonus Magnet",,2,21
323,Amissah,FUL,DEF,38,0,0,None,,0,0
324,Iwobi,FUL,MID,38,103,2420,Bonus Magnet,,1,29
325,Smith Rowe,FUL,MID,38,80,1909,None,,0,22
326,Adama,WHU,MID,38,25,376,None,,0,1
327,Andreas,FUL,MID,38,0,0,None,,0,0
328,Sessegnon,FUL,MID,38,95,1816,Differential,,1,20
329,Wilson,FUL,MID,38,168,2674,"Captaincy King, Bonus Magnet, Set Piece Threat",,3,32
330,Berge,FUL,MID,38,91,2904,"Metronome, Differential, Bonus Magnet",,3,34
331,Cairney,FUL,MID,38,41,756,None,,0,6
332,Lukić,FUL,MID,38,67,1730,"Metronome, Differential, Set Piece Threat",,3,20
333,Godo,FUL,MID,38,0,0,None,,0,0
334,Harris,FUL,MID,38,0,0,None,,0,0
335,King,FUL,MID,38,63,1290,None,,0,15
336,Reed,FUL,MID,38,15,89,None,,0,1
337,Raúl,FUL,FWD,38,112,2183,"Goal Machine, Metronome, Aerial Threat",,3,27
338,Muniz,FUL,FWD,38,36,987,"Goal Machine, Aerial Threat",,2,10
339,Meslier,LEE,GKP,38,0,0,None,,0,0
340,Cairns,LEE,GKP,38,0,0,None,,0,0
341,Darlow,LEE,GKP,38,71,1980,"Shot Stopper, Bonus Magnet",,2,22
342,Bogle,LEE,DEF,38,96,2795,None,,0,32
343,Struijk,LEE,DEF,38,108,2935,"Bonus Magnet, Aerial Threat",,2,33
344,Bijol,LEE,DEF,38,99,1888,"Bonus Magnet, Aerial Threat",,2,21
345,Bornauw,LEE,DEF,38,25,429,None,,0,5
346,Byram,LEE,DEF,38,2,8,None,,0,0
347,Gudmundsson,LEE,DEF,38,68,2637,None,,0,31
348,Rodon,LEE,DEF,38,109,2952,Aerial Threat,,1,33
349,Schmidt,LEE,DEF,38,0,0,None,,0,0
350,Aaronson,LEE,MID,38,126,2449,Differential,,1,30
351,Gnonto,LEE,MID,38,32,521,None,,0,4
352,Harrison,LEE,MID,38,12,262,None,,0,1
353,James,LEE,MID,38,23,547,None,,0,6
354,Ampadu,LEE,MID,38,134,3119,"Defensive Contributor, Differential, Bonus Magnet",,3,35
355,Greenwood,LEE,MID,38,0,0,None,,0,0
356,Gruev,LEE,MID,38,56,1318,"Metronome, Differential",,2,15
357,Ramazani,LEE,MID,38,0,0,None,,0,0
358,Tanaka,LEE,MID,38,67,1307,"Metronome, Differential",,2,14
359,Crew,LEE,MID,38,0,0,None,,0,0
360,Gelhardt,LEE,MID,38,0,0,None,,0,0
361,Gyabi,LEE,MID,38,0,0,None,,0,0
362,Piroe,LEE,FWD,38,17,244,None,,0,2
363,Bamford,LEE,FWD,38,0,0,None,,0,0
364,Mateo Joseph,LEE,FWD,38,0,0,None,,0,0
365,Nmecha,LEE,FWD,38,73,1065,"Goal Machine, Differential",,2,10
366,A.Becker,LIV,GKP,38,91,2340,Bonus Magnet,,1,26
367,Mamardashvili,LIV,GKP,38,34,867,Liability,,1,10
368,Pécsi,LIV,GKP,38,0,0,None,,0,0
369,Woodman,LIV,GKP,38,6,212,None,,0,2
370,Frimpong,LIV,DEF,38,63,1032,None,,0,12
371,Kerkez,LIV,DEF,38,85,2251,None,,0,27
372,Robertson,LIV,DEF,38,55,1165,None,,0,11
373,Virgil,LIV,DEF,38,175,3420,"Bonus Magnet, Aerial Threat",,2,38
374,Konaté,LIV,DEF,38,129,3090,Bonus Magnet,,1,36
375,Bradley,LIV,DEF,38,42,928,None,,0,12
376,Gomez,LIV,DEF,38,33,594,None,,0,7
377,Tsimikas,LIV,DEF,38,0,0,None,,0,0
378,Nallo,LIV,DEF,38,0,0,None,,0,0
379,R.Williams,LIV,DEF,38,0,0,None,,0,0
380,Ramsay,LIV,DEF,38,0,0,None,,0,0
381,M.Salah,LIV,MID,38,123,2144,"Goal Machine, Creative Wizard, xGI Beast, Captaincy King, Bonus Magnet, Set Piece Threat",,6,23
382,Wirtz,LIV,MID,38,125,2374,"Goal Machine, Creative Wizard, Bonus Magnet",,3,27
383,Luis Díaz,LIV,MID,38,0,0,None,,0,0
384,Gakpo,LIV,MID,38,131,2736,Goal Machine,,1,32
385,Chiesa,LIV,MID,38,37,317,None,,0,1
386,Mac Allister,LIV,MID,38,108,2654,"Bonus Magnet, Aerial Threat",,2,31
387,Szoboszlai,LIV,MID,38,160,3232,"Creative Wizard, Captaincy King, Bonus Magnet, Volume Shooter, Set Piece Threat, Deep Lying Creator",,6,36
388,C.Jones,LIV,MID,38,81,1923,"Metronome, Differential, Bonus Magnet",,3,18
389,Elliott,AVL,MID,38,5,110,None,,0,1
390,Gravenberch,LIV,MID,38,144,2991,"Captaincy King, Bonus Magnet",,2,34
391,Gannon-Doak,BOU,MID,38,11,105,None,,0,0
392,Endo,LIV,MID,38,12,170,None,,0,1
393,Bajcetic,LIV,MID,38,0,0,None,,0,0
394,McConnell,LIV,MID,38,0,0,None,,0,0
395,Morton,LIV,MID,38,0,0,None,,0,0
396,Nyoni,LIV,MID,38,6,21,None,,0,0
397,Darwin,LIV,FWD,38,0,0,None,,0,0
398,Danns,LIV,FWD,38,0,0,None,,0,0
399,Ederson M.,MCI,GKP,38,0,0,None,,0,0
400,Ortega Moreno,NFO,GKP,38,11,270,None,,0,3
401,Bettinelli,MCI,GKP,38,0,0,None,,0,0
402,Aït-Nouri,MCI,DEF,38,60,971,"Attacking Defender, Bonus Magnet, Deep Lying Creator",,3,12
403,Gvardiol,MCI,DEF,38,79,1370,"Scoring Defender, Bonus Magnet, Aerial Threat, Deep Lying Creator",,4,16
404,Akanji,MCI,DEF,38,0,0,None,,0,0
405,Aké,MCI,DEF,38,36,686,None,,0,6
406,Khusanov,MCI,DEF,38,67,1427,"Bonus Magnet, Deep Lying Creator",,2,15
407,Matheus N.,MCI,DEF,38,154,2861,"Bonus Magnet, Deep Lying Creator",,2,32
408,Rúben,MCI,DEF,38,113,2139,"Bonus Magnet, Deep Lying Creator",,2,24
409,Stones,MCI,DEF,38,16,436,None,,0,5
410,Lewis,MCI,DEF,38,19,401,None,,0,4
411,O'Reilly,MCI,DEF,38,160,2643,"Scoring Defender, Bonus Magnet, Aerial Threat",,3,29
412,Vitor Reis,MCI,DEF,38,0,0,None,,0,0
413,Marmoush,MCI,MID,38,56,691,None,,0,8
414,Foden,MCI,MID,38,131,2078,"Creative Wizard, Chaos Merchant, Bonus Magnet, Set Piece Threat",,4,23
415,Savinho,MCI,MID,38,43,817,None,,0,7
416,Bernardo,MCI,MID,38,102,2869,"Metronome, Differential, Bonus Magnet, Set Piece Threat, Deep Lying Creator",,5,34
417,Cherki,MCI,MID,38,135,1772,"Creative Wizard, xGI Beast, Captaincy King, Bonus Magnet, Set Piece Threat",,5,19
418,Doku,MCI,MID,38,120,1773,"Creative Wizard, Captaincy King, Bonus Magnet",,3,19
419,Grealish,EVE,MID,38,79,1627,Bonus Magnet,,1,18
420,Gündoğan,MCI,MID,38,0,0,None,,0,0
421,Rodrigo,MCI,MID,38,69,1510,"Creative Wizard, Metronome, Differential, Bonus Magnet, Deep Lying Creator",,5,17
422,Kovačić,MCI,MID,38,9,125,None,,0,1
423,N.Gonzalez,MCI,MID,38,63,1561,"Metronome, Differential, Bonus Magnet, Deep Lying Creator",,4,17
424,Bobb,FUL,MID,38,42,1030,None,,0,11
425,Echeverri,MCI,MID,38,0,0,None,,0,0
426,McAtee,NFO,MID,38,17,288,None,,0,2
427,Reijnders,MCI,MID,38,92,1623,None,,0,19
428,Nypan,MCI,MID,38,0,0,None,,0,0
429,Phillips,MCI,MID,38,0,0,None,,0,0
430,Haaland,MCI,FWD,38,239,2953,"Goal Machine, Captaincy King, Chaos Merchant, Bonus Magnet, Aerial Threat",,5,34
431,Bayindir,MUN,GKP,38,11,540,None,,0,6
432,Onana,MUN,GKP,38,0,0,None,,0,0
433,Harrison,MUN,GKP,38,0,0,None,,0,0
434,Heaton,MUN,GKP,38,0,0,None,,0,0
435,Mee,MUN,GKP,38,0,0,None,,0,0
436,De Ligt,MUN,DEF,38,43,1170,"Scoring Defender, Bonus Magnet, Aerial Threat",,3,13
437,Martinez,MUN,DEF,38,51,1229,"Bonus Magnet, Deep Lying Creator",,2,13
438,Mazraoui,MUN,DEF,38,53,977,"Bonus Magnet, Deep Lying Creator",,2,11
439,D.Leon,MUN,DEF,38,0,0,None,,0,0
440,Dalot,MUN,DEF,38,111,2609,Bonus Magnet,,1,29
441,Dorgu,MUN,DEF,38,95,1440,Bonus Magnet,,1,15
442,Maguire,MUN,DEF,38,90,1649,"Budget Enabler, Bonus Magnet, Aerial Threat",,3,19
443,Shaw,MUN,DEF,38,113,3220,"Budget Enabler, Bonus Magnet",,2,38
444,Yoro,MUN,DEF,38,56,1730,None,,0,18
445,Amass,MUN,DEF,38,0,0,None,,0,0
446,Fredricson,MUN,DEF,38,1,2,None,,0,0
447,Heaven,MUN,DEF,38,42,920,None,,0,11
448,Malacia,MUN,DEF,38,3,15,None,,0,0
449,B.Fernandes,MUN,MID,38,235,3065,"Goal Machine, Creative Wizard, xGI Beast, Captaincy King, Bonus Magnet, Set Piece Threat",,6,35
450,Cunha,MUN,MID,38,143,2493,"Goal Machine, Captaincy King, Bonus Magnet",,3,29
451,Rashford,MUN,MID,38,0,0,None,,0,0
452,Amad,MUN,MID,38,91,2339,"Creative Wizard, Metronome, Bonus Magnet",,3,27
453,Garnacho,CHE,MID,38,56,1261,"Creative Wizard, Metronome, Differential",,3,14
454,Antony,MUN,MID,38,0,0,None,,0,0
455,Mount,MUN,MID,38,58,1010,Differential,,1,12
456,Sancho,AVL,MID,38,37,863,None,,0,9
457,Casemiro,MUN,MID,38,165,2575,"Captaincy King, Bonus Magnet, Aerial Threat",,3,33
458,Mainoo,MUN,MID,38,73,1653,"Metronome, Deep Lying Creator",,2,16
459,Ugarte,MUN,MID,38,38,876,None,,0,8
460,Collyer,MUN,MID,38,0,0,None,,0,0
461,Fitzgerald,MUN,MID,38,0,0,None,,0,0
462,J.Fletcher,MUN,MID,38,3,107,None,,0,0
463,Kone,MUN,MID,38,0,0,None,,0,0
464,Moorhouse,MUN,MID,38,0,0,None,,0,0
465,Højlund,MUN,FWD,38,0,0,None,,0,0
466,Zirkzee,MUN,FWD,38,42,607,None,,0,5
467,Obi,MUN,FWD,38,0,0,None,,0,0
468,Wheatley,MUN,FWD,38,0,0,None,,0,0
469,Pope,NEW,GKP,38,96,2416,"Shot Stopper, Bonus Magnet",,2,27
470,Dúbravka,BUR,GKP,38,96,3150,None,,0,35
471,Gillespie,NEW,GKP,38,0,0,None,,0,0
472,Odysseas,NEW,GKP,38,0,0,None,,0,0
473,Hall,NEW,DEF,38,79,2176,"Bonus Magnet, Set Piece Threat",,2,24
474,Schär,NEW,DEF,38,51,1089,Bonus Magnet,,1,11
475,Botman,NEW,DEF,38,89,1834,"Bonus Magnet, Aerial Threat",,2,21
476,Burn,NEW,DEF,38,93,2195,None,,0,25
477,Livramento,NEW,DEF,38,59,1326,Bonus Magnet,,1,14
478,Trippier,NEW,DEF,38,54,1586,Set Piece Threat,,1,18
479,Krafth,NEW,DEF,38,0,45,None,,0,1
480,Lascelles,NEW,DEF,38,1,19,None,,0,0
481,A.Murphy,NEW,DEF,38,2,7,None,,0,0
482,Ashby,NEW,DEF,38,0,0,None,,0,0
483,Pivas,NEW,DEF,38,0,0,None,,0,0
484,Targett,NEW,DEF,38,0,0,None,,0,0
485,Gordon,NEW,MID,38,101,1798,"Goal Machine, xGI Beast, Bonus Magnet",,3,24
486,Elanga,NEW,MID,38,48,1302,None,,0,14
487,Barnes,NEW,MID,38,106,1951,Goal Machine,,1,19
488,Bruno G.,NEW,MID,38,154,2456,"Creative Wizard, Captaincy King, Bonus Magnet",,3,27
489,J.Murphy,NEW,MID,38,82,1606,"Metronome, Differential",,2,19
490,Joelinton,NEW,MID,38,73,1950,"Metronome, Differential, Aerial Threat",,3,23
491,Tonali,NEW,MID,38,81,2534,"Metronome, Bonus Magnet, Set Piece Threat",,3,31
492,Antoñito C.,NEW,MID,38,0,0,None,,0,0
493,Longstaff,LEE,MID,38,56,1003,"Differential, Set Piece Threat",,2,10
494,Willock,NEW,MID,38,38,972,None,,0,10
495,Hayden,NEW,MID,38,0,0,None,,0,0
496,Kuol,NEW,MID,38,0,0,None,,0,0
497,L.Miley,NEW,MID,38,72,1493,Bonus Magnet,,1,15
498,White,NEW,MID,38,0,0,None,,0,0
499,Isak,LIV,FWD,38,41,694,None,,0,8
500,Osula,NEW,FWD,38,76,805,None,,0,8
501,Neave,NEW,FWD,38,1,13,None,,0,0
502,Sels,NFO,GKP,38,105,2667,Shot Stopper,,1,30
503,C.Miguel,NFO,GKP,38,0,0,None,,0,0
504,Turner,NFO,GKP,38,0,0,None,,0,0
505,Milenković,NFO,DEF,38,119,3375,None,,0,37
506,Murillo,NFO,DEF,38,83,2130,"Bonus Magnet, Set Piece Threat",,2,25
507,Aina,NFO,DEF,38,67,1587,Bonus Magnet,,1,18
508,N.Williams,NFO,DEF,38,128,3203,"Attacking Defender, Bonus Magnet, Set Piece Threat",,3,36
509,David Carmo,NFO,DEF,38,0,0,None,,0,0
510,Jair Cunha,NFO,DEF,38,13,514,None,,0,6
511,Morato,NFO,DEF,38,53,1340,None,,0,14
512,O.Richards,NFO,DEF,38,0,0,None,,0,0
513,Abbott,NFO,DEF,38,3,165,None,,0,2
514,Boly,NFO,DEF,38,0,0,None,,0,0
515,Gibbs-White,NFO,MID,38,188,3101,"Goal Machine, Captaincy King, Bonus Magnet",,3,35
516,Hudson-Odoi,NFO,MID,38,88,1838,Differential,,1,21
517,Anderson,NFO,MID,38,180,3332,"Defensive Contributor, Captaincy King, Bonus Magnet, Set Piece Threat",,4,37
518,Jota,NFO,MID,38,1,11,None,,0,0
519,Dominguez,NFO,MID,38,48,1168,None,,0,17
520,O'Brien,NFO,MID,38,0,0,None,,0,0
521,Sangaré,NFO,MID,38,89,2073,"Differential, Bonus Magnet",,2,25
522,Yates,NFO,MID,38,30,602,None,,0,2
523,Da Silva Moreira,NFO,MID,38,0,0,None,,0,0
524,Stamenic,NFO,MID,38,0,0,None,,0,0
525,Wood,NFO,FWD,38,41,896,"Goal Machine, Poacher, Aerial Threat",,3,11
526,Igor Jesus,NFO,FWD,38,114,2293,Aerial Threat,,1,28
527,Awoniyi,NFO,FWD,38,43,480,None,,0,3
528,Patterson,SUN,GKP,38,0,0,None,,0,0
529,Moore,SUN,GKP,38,0,0,None,,0,0
530,Nna Noukeu,SUN,GKP,38,0,0,None,,0,0
531,Ballard,SUN,DEF,38,116,2144,"Defensive Workhorse, Bonus Magnet, Aerial Threat",,3,24
532,Hume,SUN,DEF,38,110,3032,Set Piece Threat,,1,34
533,Alese,SUN,DEF,38,0,0,None,,0,0
534,Anderson,SUN,DEF,38,0,0,None,,0,0
535,Cirkin,SUN,DEF,38,14,319,None,,0,3
536,Hjelde,SUN,DEF,38,0,0,None,,0,0
537,Huggins,SUN,DEF,38,0,0,None,,0,0
538,Johnson,SUN,DEF,38,0,0,None,,0,0
539,O'Nien,SUN,DEF,38,26,565,None,,0,5
540,Pembele,SUN,DEF,38,0,0,None,,0,0
541,Reinildo,SUN,DEF,38,74,1966,None,,0,23
542,Seelt,SUN,DEF,38,2,133,None,,0,1
543,Adingra,SUN,MID,38,34,649,None,,0,9
544,Diarra,SUN,MID,38,65,1403,Differential,,1,15
545,Roberts,SUN,MID,38,1,27,None,,0,0
546,Aleksić,SUN,MID,38,0,0,None,,0,0
547,E.Le Fée,SUN,MID,38,147,2930,"Captaincy King, Bonus Magnet, Set Piece Threat",,3,33
548,Mundle,SUN,MID,38,14,399,None,,0,2
549,Neil,SUN,MID,38,3,13,None,,0,0
550,Poveda,SUN,MID,38,0,0,None,,0,0
551,Rigg,SUN,MID,38,36,758,None,,0,11
552,Sadiki,SUN,MID,38,80,2891,"Metronome, Differential",,2,33
553,Talbi,SUN,MID,38,83,1553,Differential,,1,16
554,Ba,SUN,MID,38,0,0,None,,0,0
555,Browne,SUN,MID,38,0,0,None,,0,0
556,Ekwah,SUN,MID,38,0,0,None,,0,0
557,H.Jones,SUN,MID,38,0,0,None,,0,0
558,Matete,SUN,MID,38,0,0,None,,0,0
559,Triantis,SUN,MID,38,0,0,None,,0,0
560,Isidor,SUN,FWD,38,74,1148,"Goal Machine, Metronome",,2,11
561,Mayenda,SUN,FWD,38,40,751,None,,0,8
562,Abdullahi,SUN,FWD,38,0,0,None,,0,0
563,Luís Hemir,SUN,FWD,38,0,0,None,,0,0
564,Rusyn,SUN,FWD,38,0,0,None,,0,0
565,Vicario,TOT,GKP,38,90,2790,None,,0,31
566,Austin,TOT,GKP,38,0,0,None,,0,0
567,Kinsky,TOT,GKP,38,20,630,None,,0,7
568,Pedro Porro,TOT,DEF,38,117,2793,"Attacking Defender, Bonus Magnet, Set Piece Threat",,3,32
569,Romero,TOT,DEF,38,91,1869,"Bonus Magnet, Aerial Threat",,2,22
570,Danso,TOT,DEF,38,63,1489,"Defensive Workhorse, Aerial Threat",,2,17
571,Davies,TOT,DEF,38,10,136,None,,0,2
572,Dragusin,TOT,DEF,38,17,515,None,,0,5
573,Spence,TOT,DEF,38,78,2049,Budget Enabler,,1,23
574,Udogie,TOT,DEF,38,29,1335,None,,0,14
575,Van de Ven,TOT,DEF,38,116,3041,"Budget Enabler, Bonus Magnet",,2,35
576,Phillips,TOT,DEF,38,0,0,None,,0,0
577,Takai,TOT,DEF,38,0,0,None,,0,0
578,Vuskovic,TOT,DEF,38,0,0,None,,0,0
579,Son,TOT,MID,38,0,0,None,,0,0
580,Johnson,CRY,MID,38,65,1710,None,,0,19
581,Maddison,TOT,MID,38,3,34,None,,0,0
582,Kudus,TOT,MID,38,75,1535,"Bonus Magnet, Set Piece Threat",,2,19
583,Kulusevski,TOT,MID,38,0,0,None,,0,0
584,Tel,TOT,MID,38,78,1334,"Differential, Set Piece Threat",,2,13
585,Bentancur,TOT,MID,38,86,1880,"Defensive Contributor, Differential, Bonus Magnet",,3,23
586,Bergvall,TOT,MID,38,49,955,None,,0,11
587,Bissouma,TOT,MID,38,17,600,None,,0,7
588,Odobert,TOT,MID,38,46,972,None,,0,10
589,Solomon,TOT,MID,38,0,0,None,,0,0
590,Bryan,TOT,MID,38,0,0,None,,0,0
591,Gray,TOT,MID,38,61,1471,Differential,,1,18
592,Moore,TOT,MID,38,0,0,None,,0,0
593,P.M.Sarr,TOT,MID,38,71,1388,Metronome,,1,13
594,Min-hyeok,TOT,MID,38,0,0,None,,0,0
595,Olusesi,TOT,MID,38,1,14,None,,0,0
596,Solanke,TOT,FWD,38,40,997,None,,0,11
597,Richarlison,TOT,FWD,38,119,1954,"Goal Machine, Bonus Magnet, Poacher, Aerial Threat",,4,20
598,Lankshear,TOT,FWD,38,0,0,None,,0,0
599,Scarlett,TOT,FWD,38,2,7,None,,0,0
600,Areola,WHU,GKP,38,51,1800,None,,0,20
601,Foderingham,WHU,GKP,38,0,0,None,,0,0
602,Hegyi,WHU,GKP,38,0,0,None,,0,0
603,Diouf,WHU,DEF,38,104,2706,"Budget Enabler, Bonus Magnet",,2,30
604,Emerson,WHU,DEF,38,0,0,None,,0,0
605,Kilman,WHU,DEF,38,36,1559,None,,0,17
606,Mavropanos,WHU,DEF,38,122,2532,"Defensive Workhorse, Bonus Magnet, Aerial Threat",,3,27
607,N.Aguerd,WHU,DEF,38,3,180,None,,0,2
608,Scarles,WHU,DEF,38,21,656,None,,0,9
609,Todibo,WHU,DEF,38,46,1817,None,,0,22
610,Wan-Bissaka,WHU,DEF,38,67,2080,None,,0,23
611,Casey,WHU,DEF,38,0,0,None,,0,0
612,L.Paquetá,WHU,MID,38,69,1513,Bonus Magnet,,1,18
613,Souček,WHU,MID,38,103,2190,Differential,,1,24
614,Ward-Prowse,BUR,MID,38,40,1092,"Bonus Magnet, Set Piece Threat",,2,12
615,Summerville,WHU,MID,38,110,2470,Bonus Magnet,,1,29
616,Álvarez,WHU,MID,38,0,0,None,,0,0
617,Cornet,WHU,MID,38,0,0,None,,0,0
618,G.Rodriguez,WHU,MID,38,8,175,None,,0,2
619,L.Guilherme,WHU,MID,38,5,121,None,,0,1
620,Earthy,WHU,MID,38,1,8,None,,0,0
621,Irving,WHU,MID,38,9,156,None,,0,2
622,Orford,WHU,MID,38,0,0,None,,0,0
623,Potts,WHU,MID,38,37,1162,None,,0,12
624,Bowen,WHU,FWD,38,187,3406,"Captaincy King, Bonus Magnet",,2,38
625,Füllkrug,WHU,FWD,38,12,407,None,,0,5
626,Marshall,WHU,FWD,38,2,58,None,,0,0
627,Johnstone,WOL,GKP,38,21,1080,Liability,,1,12
628,José Sá,WOL,GKP,38,68,2070,None,,0,23
629,Bentley,WOL,GKP,38,6,270,None,,0,3
630,King,EVE,GKP,38,0,0,None,,0,0
631,Agbadou,WOL,DEF,38,23,1100,None,,0,12
632,Doherty,WOL,DEF,38,14,786,None,,0,11
633,H.Bueno,WOL,DEF,38,83,2359,Set Piece Threat,,1,26
634,Mosquera,WOL,DEF,38,61,2137,Aerial Threat,,1,24
635,R.Gomes,WOL,DEF,38,48,954,None,,0,9
636,S.Bueno,WOL,DEF,38,92,2552,None,,0,28
637,Toti,WOL,DEF,38,41,1423,None,,0,17
638,Hoever,WOL,DEF,38,10,423,None,,0,6
639,Meupiyou,WOL,DEF,38,0,0,None,,0,0
640,Pedro Lima,WOL,DEF,38,10,257,None,,0,3
641,Pond,WOL,DEF,38,0,0,None,,0,0
642,Hee Chan,WOL,MID,38,54,1439,None,,0,18
643,André,WOL,MID,38,96,2760,"Metronome, Differential, Bonus Magnet",,3,30
644,Bellegarde,WOL,MID,38,44,1239,None,,0,15
645,Fer López,WOL,MID,38,12,228,None,,0,2
646,J.Gomes,WOL,MID,38,107,2829,"Metronome, Differential, Bonus Magnet",,3,32
647,Guedes,WOL,MID,38,0,0,None,,0,0
648,Munetsi,WOL,MID,38,38,872,None,,0,9
649,B.Traore,WOL,MID,38,0,0,None,,0,0
650,Chirewa,WOL,MID,38,2,25,None,,0,0
651,Edozie,WOL,MID,38,8,12,None,,0,0
652,Gonzalez,WOL,MID,38,0,0,None,,0,0
653,Hodge,WOL,MID,38,0,0,None,,0,0
654,Strand Larsen,CRY,FWD,38,75,2301,None,,0,26
655,Fábio Silva,WOL,FWD,38,0,0,None,,0,0
656,Kalajdžić,WOL,FWD,38,1,14,None,,0,0
657,Chiwome,WOL,FWD,38,0,0,None,,0,0
658,Fraser,WOL,FWD,38,0,0,None,,0,0
659,Walker-Peters,WHU,DEF,38,53,1378,None,,0,15
660,Stach,LEE,MID,38,137,2369,"Captaincy King, Bonus Magnet, Volume Shooter, Set Piece Threat",,4,28
661,Ekitiké,LIV,FWD,38,125,1797,"Goal Machine, Captaincy King, Chaos Merchant, Bonus Magnet, Aerial Threat",,5,21
662,Mosquera,ARS,DEF,38,40,986,None,,0,9
663,J.Arias,WOL,MID,38,45,1117,None,,0,14
664,Lecomte,FUL,GKP,38,0,0,None,,0,0
665,Perri,LEE,GKP,38,43,1440,None,,0,16
666,Gyökeres,ARS,FWD,38,128,2217,"Goal Machine, Bonus Magnet, Poacher, Aerial Threat",,4,26
667,Aznou,EVE,DEF,38,0,0,None,,0,0
668,Xhaka,SUN,MID,38,124,2901,"Metronome, Bonus Magnet, Set Piece Threat",,3,32
669,Ndoye,NFO,MID,38,50,1167,None,,0,14
670,Roefs,SUN,GKP,38,136,3150,"Shot Stopper, Bonus Magnet",,2,35
671,Wilson,WHU,FWD,38,80,1234,"Goal Machine, Differential, Poacher, Aerial Threat",,4,11
672,Hato,CHE,DEF,38,19,1139,Deep Lying Creator,,1,12
673,J.Palhinha,TOT,MID,38,126,2192,"Bonus Magnet, Poacher",,2,23
674,Ramsdale,NEW,GKP,38,25,1003,None,,0,11
675,Gunn,NFO,GKP,38,1,45,None,,0,0
676,Ugochukwu,BUR,MID,38,97,2330,"Metronome, Differential",,2,27
677,Guessand,CRY,MID,38,44,909,None,,0,9
678,Masuaku,SUN,DEF,38,1,125,None,,0,2
679,Hermansen,WHU,GKP,38,76,1620,"Shot Stopper, Bonus Magnet",,2,18
680,Broja,BUR,FWD,38,43,843,None,,0,8
681,Šeško,MUN,FWD,38,111,1630,"Goal Machine, Bonus Magnet, Aerial Threat",,3,17
682,Møller Wolfe,WOL,DEF,38,35,1042,None,,0,11
683,Alderete,SUN,DEF,38,125,2797,"Budget Enabler, Bonus Magnet",,2,32
684,Thiaw,NEW,DEF,38,126,2963,"Scoring Defender, Bonus Magnet, Aerial Threat",,3,33
685,Diakité,BOU,DEF,38,46,1275,None,,0,15
686,Ngumoha,LIV,MID,38,43,547,None,,0,5
687,Rees-Dottin,BOU,MID,38,0,0,None,,0,0
688,Wright,AVL,GKP,38,0,0,None,,0,0
689,Seung soo,NEW,MID,38,0,0,None,,0,0
690,Cardines,CRY,MID,38,2,90,None,,0,1
691,Calvert-Lewin,LEE,FWD,38,142,2721,"Goal Machine, xGI Beast, Captaincy King, Bonus Magnet, Poacher, Aerial Threat",,6,30
692,Leoni,LIV,DEF,38,0,0,None,,0,0
693,Hutchinson,NFO,MID,38,82,1676,"Creative Wizard, Metronome, Differential, Set Piece Threat",,4,17
694,Mukiele,SUN,DEF,38,151,2784,Bonus Magnet,,1,32
695,Tchatchoua,WOL,DEF,38,52,1834,None,,0,19
696,Kalimuendo,NFO,FWD,38,9,89,None,,0,0
697,Adli,BOU,MID,38,67,1074,None,,0,10
698,Okafor,LEE,MID,38,109,1553,Goal Machine,,1,19
699,Douglas Luiz,AVL,MID,38,35,913,Set Piece Threat,,1,12
700,Dowman,ARS,MID,38,16,152,None,,0,1
701,Rowe,AVL,DEF,38,0,0,None,,0,0
702,Burrowes,AVL,MID,38,1,16,None,,0,0
703,Proctor,AVL,GKP,38,0,0,None,,0,0
704,Onyango,EVE,MID,38,0,0,None,,0,0
705,Campbell,EVE,DEF,38,0,0,None,,0,0
706,Justin,LEE,DEF,38,94,1893,Bonus Magnet,,1,21
707,Dibling,EVE,MID,38,18,349,None,,0,4
708,M.Fernandes,WHU,MID,38,135,3017,"Metronome, Differential, Bonus Magnet",,3,35
709,Krejčí,WOL,DEF,38,68,2356,Aerial Threat,,1,27
710,Patterson,AVL,DEF,38,0,0,None,,0,0
711,Harriman-Annous,ARS,MID,38,0,0,None,,0,0
712,Yeremy,CRY,MID,38,77,2074,"Metronome, Differential, Set Piece Threat",,3,26
713,A.Jimenez,BOU,DEF,38,74,2315,None,,0,26
714,Woltemade,NEW,FWD,38,108,1896,Aerial Threat,,1,24
715,John,NFO,GKP,38,11,437,None,,0,5
716,Savona,NFO,DEF,38,39,1025,None,,0,11
717,Xavi,TOT,MID,38,80,1747,"Volume Shooter, Set Piece Threat",,2,19
718,S.Magassa,WHU,MID,38,42,971,None,,0,11
719,Lindelöf,AVL,DEF,38,29,942,None,,0,11
720,Tolu,WOL,FWD,38,66,1402,"Goal Machine, Aerial Threat",,2,13
721,Milosavljević,BOU,DEF,38,19,367,None,,0,4
722,Florentino,BUR,MID,38,84,2100,"Metronome, Differential",,2,25
723,Canvot,CRY,DEF,38,72,1331,"Defensive Workhorse, Budget Enabler",,2,14
724,Geertruida,SUN,DEF,38,55,1681,None,,0,17
725,Hincapie,ARS,DEF,38,87,1787,Bonus Magnet,,1,20
726,Kolo Muani,TOT,FWD,38,52,1655,None,,0,21
727,Chukwueze,FUL,MID,38,62,1067,"Creative Wizard, Differential",,2,10
728,Röhl,EVE,MID,38,36,675,None,,0,6
729,Cuiabano,NFO,DEF,38,0,0,None,,0,0
730,Brobbey,SUN,FWD,38,92,1920,"Goal Machine, Poacher",,2,22
731,Kevin,FUL,MID,38,49,1030,None,,0,9
732,Uche,CRY,FWD,38,17,159,None,,0,0
733,Lammens,MUN,GKP,38,109,2880,None,,0,32
734,Bakwa,NFO,MID,38,26,549,None,,0,6
735,Traoré,SUN,MID,38,30,634,None,,0,9
736,Donnarumma,MCI,GKP,38,135,3060,"Overperformer, Bonus Magnet",,2,34
737,Kusi-Asare,FUL,FWD,38,6,49,None,,0,0
738,Fabianski,WHU,GKP,38,0,0,None,,0,0
739,Mukasa,MCI,MID,38,2,25,None,,0,0
740,Mfuni,MCI,DEF,38,0,0,None,,0,0
741,Gray,LEE,FWD,38,0,0,None,,0,0
742,McAidoo,MCI,MID,38,0,0,None,,0,0
743,Emenalo,CHE,MID,38,0,0,None,,0,0
744,Oriola,BHA,MID,38,1,1,None,,0,0
745,Byfield,TOT,DEF,38,1,1,None,,0,0
746,Morrison,LIV,MID,38,0,0,None,,0,0
747,Mayers,WHU,DEF,38,6,113,None,,0,0
748,Dasilva,BRE,MID,38,2,2,None,,0,0
749,Mané,WOL,FWD,38,74,1787,"Volume Shooter, Set Piece Threat",,2,19
750,Rowswell,TOT,DEF,38,1,1,None,,0,0
751,Akhamrich,TOT,MID,38,0,0,None,,0,0
752,Golambeckis,WHU,DEF,38,0,0,None,,0,0
753,Ruddy,NEW,GKP,38,0,0,None,,0,0
754,George Hemmings,AVL,MID,38,2,25,None,,0,0
755,Lacey,MUN,MID,38,3,40,None,,0,0
756,DaCosta,BOU,MID,38,0,0,None,,0,0
757,Hollingshead,AVL,GKP,38,0,0,None,,0,0
758,Mohamadou Kanté,WHU,MID,38,9,67,None,,0,0
759,Salmon,ARS,DEF,38,0,0,None,,0,0
760,Lucky,LIV,DEF,38,0,0,None,,0,0
761,Simmonds,BHA,DEF,38,0,0,None,,0,0
762,Drakes-Thomas,CRY,MID,38,2,7,None,,0,0
763,Gray,MCI,MID,38,0,0,None,,0,0
764,Heskey,MCI,MID,38,0,0,None,,0,0
765,Shahar,NEW,DEF,38,0,0,None,,0,0
766,Olagunju,WOL,DEF,38,0,0,None,,0,0
767,Rawlings,WOL,MID,38,0,0,None,,0,0
768,Leon Routh,AVL,DEF,38,0,0,None,,0,0
769,Bendito Mantato,MUN,MID,38,1,15,None,,0,0
770,Ridgeon,FUL,MID,38,0,0,None,,0,0
771,Fletcher,MUN,MID,38,2,17,None,,0,0
772,Alabi,NEW,MID,38,0,0,None,,0,0
773,Benamar,CRY,DEF,38,0,0,None,,0,0
774,Jenson Jones,SUN,DEF,38,0,0,None,,0,0
775,Tutierov,SUN,MID,38,0,0,None,,0,0
776,Pimlott,BUR,MID,38,0,0,None,,0,0
777,Ojinnaka,WOL,MID,38,0,0,None,,0,0
778,Sutherland,WOL,MID,38,0,0,None,,0,0
779,Graham,EVE,FWD,38,0,0,None,,0,0
780,Casey,CRY,FWD,38,0,0,None,,0,0
781,Carroll,AVL,DEF,38,0,0,None,,0,0
782,Forster,BOU,GKP,38,0,0,None,,0,0
783,Groß,BHA,MID,38,78,1636,"Creative Wizard, Captaincy King, Bonus Magnet, Set Piece Threat, Deep Lying Creator",,5,18
784,Brierley,BUR,MID,38,0,0,None,,0,0
785,Pablo,WHU,FWD,38,26,819,None,,0,10
786,McNally,FUL,GKP,38,0,0,None,,0,0
787,Chambers,LEE,MID,38,0,0,None,,0,0
788,Kukonki,MUN,DEF,38,0,0,None,,0,0
789,Merrick,CHE,GKP,38,0,0,None,,0,0
790,Williams-Barnett,TOT,MID,38,0,0,None,,0,0
791,Taty,WHU,FWD,38,61,1384,"Goal Machine, Differential, Bonus Magnet, Poacher, Aerial Threat",,5,17
792,Alysson,AVL,MID,38,3,47,None,,0,0
793,King,CRY,DEF,38,0,0,None,,0,0
794,Alleyne,MCI,DEF,38,5,135,None,,0,2
795,Howell,BHA,MID,38,4,92,None,,0,1
796,Gallagher,TOT,MID,38,44,1183,"Metronome, Differential, Bonus Magnet",,3,14
797,Furo,BRE,FWD,38,1,1,None,,0,0
798,Imray,CRY,DEF,38,0,0,None,,0,0
799,Stevens,BOU,MID,38,0,0,None,,0,0
800,Jocelin.T,SUN,MID,38,1,38,None,,0,1
801,Tóth.A,BOU,MID,38,8,135,None,,0,2
802,Lamadrid,WHU,MID,38,0,0,None,,0,0
803,Sharman-Lowe,CHE,GKP,38,0,0,None,,0,0
804,Souza,TOT,DEF,38,3,142,None,,0,2
805,Lucca,NFO,FWD,38,9,126,None,,0,1
806,Mandas,BOU,GKP,38,0,0,None,,0,0
807,Rayan,BOU,MID,38,67,1110,"Captaincy King, Bonus Magnet",,2,13
808,Abraham,AVL,FWD,38,23,278,None,,0,2
809,Abbey,WOL,MID,38,1,16,None,,0,0
810,Bentt,BRE,MID,38,0,0,None,,0,0
811,Kyerematen,TOT,MID,38,0,0,None,,0,0
812,Ellborg,SUN,GKP,38,16,270,None,,0,3
813,Angulo,SUN,MID,38,13,401,None,,0,5
814,Netz,NFO,DEF,38,11,353,None,,0,3
815,Disasi,WHU,DEF,38,49,1254,"Budget Enabler, Bonus Magnet",,2,14
816,Angel,WOL,MID,38,16,457,None,,0,7
817,Armstrong,WOL,FWD,38,39,1141,"Metronome, Differential",,2,14
818,Wilson,TOT,FWD,38,0,0,None,,0,0
819,Shield,BRE,DEF,38,0,0,None,,0,0
820,McMahon-Brown,BUR,MID,38,0,0,None,,0,0
821,Whittaker,SUN,MID,38,0,0,None,,0,0
822,Jones,SUN,MID,38,0,0,None,,0,0
823,Stephenson,BRE,DEF,38,0,0,None,,0,0
824,McManus,BRE,DEF,38,0,0,None,,0,0
825,Herrick,WHU,GKP,38,0,0,None,,0,0
826,Owen,BRE,MID,38,0,0,None,,0,0
827,Thwaites,MUN,MID,38,0,0,None,,0,0
828,Brooks,WOL,GKP,38,0,0,None,,0,0
829,Derry,CHE,MID,38,1,45,None,,0,1
830,Wright,LIV,FWD,38,0,0,None,,0,0
831,Gracey,WOL,GKP,38,0,0,None,,0,0
832,Ndiaye,LIV,DEF,38,0,0,None,,0,0
833,Eboué,CHE,MID,38,0,0,None,,0,0
834,Kavuma-McQueen,CHE,MID,38,0,0,None,,0,0
835,Whitehall,NFO,MID,38,0,0,None,,0,0
836,Sinclair,NFO,MID,38,0,0,None,,0,0
837,Lienou,LEE,DEF,38,0,0,None,,0,0
838,Chadwick,LEE,MID,38,0,0,None,,0,0
839,Cresswell,LEE,MID,38,0,0,None,,0,0
840,Mheuka,CHE,FWD,38,1,1,None,,0,0
841,Sillah,NFO,FWD,38,0,0,None,,0,0
