element,web_name,team,position,opponent_tier,games_played,avg_pts,avg_xg,avg_xa,total_goals,total_assists,total_cs,avg_bonus
1,Raya,ARS,GKP,Tier 1 - Top 6,10,3.3,0.0,0.005,0,0,2,0.3
1,Raya,ARS,GKP,Tier 2 - Mid Upper,11,3.27,0.0,0.001,0,0,3,0.36
1,Raya,ARS,GKP,Tier 3 - Rest,19,5.05,0.0,0.001,0,0,14,0.21
5,Gabriel,ARS,DEF,Tier 1 - Top 6,10,2.8,0.021,0.067,0,1,2,0.3
5,Gabriel,ARS,DEF,Tier 2 - Mid Upper,11,6.18,0.093,0.021,3,2,3,1.0
5,Gabriel,ARS,DEF,Tier 3 - Rest,19,6.32,0.096,0.054,0,3,13,0.84
6,Saliba,ARS,DEF,Tier 1 - Top 6,10,3.7,0.063,0.03,1,0,2,0.4
6,Saliba,ARS,DEF,Tier 2 - Mid Upper,11,1.36,0.0,0.009,0,0,1,0.09
6,Saliba,ARS,DEF,Tier 3 - Rest,19,4.53,0.013,0.043,0,0,12,0.37
7,Calafiori,ARS,DEF,Tier 1 - Top 6,10,1.9,0.125,0.011,1,0,1,0.2
7,Calafiori,ARS,DEF,Tier 2 - Mid Upper,11,1.09,0.025,0.008,0,0,1,0.09
7,Calafiori,ARS,DEF,Tier 3 - Rest,19,4.21,0.096,0.03,0,2,11,0.16
10,Lewis-Skelly,ARS,DEF,Tier 1 - Top 6,10,0.2,0.0,0.002,0,0,0,0.0
10,Lewis-Skelly,ARS,DEF,Tier 2 - Mid Upper,11,0.55,0.005,0.004,0,0,0,0.0
10,Lewis-Skelly,ARS,DEF,Tier 3 - Rest,19,1.11,0.003,0.007,0,0,2,0.0
16,Saka,ARS,MID,Tier 1 - Top 6,10,2.5,0.128,0.183,0,2,2,0.0
16,Saka,ARS,MID,Tier 2 - Mid Upper,11,4.73,0.274,0.094,3,4,2,0.55
16,Saka,ARS,MID,Tier 3 - Rest,19,4.89,0.202,0.233,5,4,8,0.79
20,Trossard,ARS,MID,Tier 1 - Top 6,10,2.2,0.076,0.042,1,1,1,0.2
20,Trossard,ARS,MID,Tier 2 - Mid Upper,11,2.64,0.206,0.075,2,1,0,0.27
20,Trossard,ARS,MID,Tier 3 - Rest,19,3.74,0.145,0.129,3,4,10,0.32
21,Rice,ARS,MID,Tier 1 - Top 6,10,3.8,0.063,0.169,0,3,2,0.1
21,Rice,ARS,MID,Tier 2 - Mid Upper,11,5.73,0.102,0.162,2,3,3,1.09
21,Rice,ARS,MID,Tier 3 - Rest,19,5.11,0.075,0.239,2,4,13,0.68
32,Martinez,AVL,GKP,Tier 1 - Top 6,12,2.33,0.0,0.002,0,0,1,0.08
32,Martinez,AVL,GKP,Tier 2 - Mid Upper,8,5.25,0.0,0.004,0,0,3,1.12
32,Martinez,AVL,GKP,Tier 3 - Rest,18,2.78,0.0,0.002,0,1,3,0.06
36,Cash,AVL,DEF,Tier 1 - Top 6,12,2.83,0.038,0.023,2,1,1,0.42
36,Cash,AVL,DEF,Tier 2 - Mid Upper,8,3.75,0.041,0.115,0,1,3,0.0
36,Cash,AVL,DEF,Tier 3 - Rest,18,2.94,0.019,0.097,1,1,4,0.11
39,Maatsen,AVL,DEF,Tier 1 - Top 6,12,1.42,0.022,0.018,0,0,0,0.08
39,Maatsen,AVL,DEF,Tier 2 - Mid Upper,8,2.25,0.031,0.148,0,0,2,0.0
39,Maatsen,AVL,DEF,Tier 3 - Rest,18,1.06,0.042,0.055,0,1,0,0.0
40,Mings,AVL,DEF,Tier 1 - Top 6,12,0.75,0.048,0.003,0,0,0,0.0
40,Mings,AVL,DEF,Tier 2 - Mid Upper,8,2.88,0.042,0.005,0,1,2,0.38
40,Mings,AVL,DEF,Tier 3 - Rest,18,1.0,0.021,0.019,0,0,1,0.06
47,Rogers,AVL,MID,Tier 1 - Top 6,12,3.83,0.154,0.12,4,1,1,0.42
47,Rogers,AVL,MID,Tier 2 - Mid Upper,8,4.38,0.094,0.121,1,2,4,0.5
47,Rogers,AVL,MID,Tier 3 - Rest,18,4.89,0.236,0.106,5,5,4,0.44
48,Tielemans,AVL,MID,Tier 1 - Top 6,12,1.5,0.034,0.063,0,1,0,0.0
48,Tielemans,AVL,MID,Tier 2 - Mid Upper,8,1.62,0.008,0.074,0,1,2,0.0
48,Tielemans,AVL,MID,Tier 3 - Rest,18,2.06,0.037,0.106,0,2,2,0.17
55,Barkley,AVL,MID,Tier 1 - Top 6,12,1.92,0.02,0.042,1,1,0,0.25
55,Barkley,AVL,MID,Tier 2 - Mid Upper,8,1.0,0.026,0.019,1,0,0,0.0
55,Barkley,AVL,MID,Tier 3 - Rest,18,1.39,0.063,0.034,1,1,1,0.11
64,Watkins,AVL,FWD,Tier 1 - Top 6,12,4.92,0.538,0.013,7,2,1,0.75
64,Watkins,AVL,FWD,Tier 2 - Mid Upper,8,3.88,0.348,0.06,3,0,4,0.62
64,Watkins,AVL,FWD,Tier 3 - Rest,18,4.28,0.342,0.03,6,2,4,0.67
67,Petrović,BOU,GKP,Tier 1 - Top 6,12,2.33,0.0,0.0,0,0,2,0.0
67,Petrović,BOU,GKP,Tier 2 - Mid Upper,9,2.33,0.0,0.0,0,0,2,0.0
67,Petrović,BOU,GKP,Tier 3 - Rest,19,4.05,0.0,0.0,0,0,7,0.26
72,Senesi,BOU,DEF,Tier 1 - Top 6,12,4.17,0.042,0.094,0,2,2,0.25
72,Senesi,BOU,DEF,Tier 2 - Mid Upper,9,4.22,0.044,0.114,0,1,2,0.44
72,Senesi,BOU,DEF,Tier 3 - Rest,19,4.89,0.039,0.156,0,4,7,0.37
73,Smith,BOU,DEF,Tier 1 - Top 6,12,1.58,0.0,0.008,0,1,2,0.0
73,Smith,BOU,DEF,Tier 2 - Mid Upper,9,0.22,0.0,0.0,0,0,0,0.0
73,Smith,BOU,DEF,Tier 3 - Rest,19,1.95,0.0,0.007,0,1,4,0.21
74,Truffert,BOU,DEF,Tier 1 - Top 6,12,2.92,0.019,0.057,0,3,2,0.08
74,Truffert,BOU,DEF,Tier 2 - Mid Upper,9,4.33,0.067,0.079,1,0,2,0.78
74,Truffert,BOU,DEF,Tier 3 - Rest,19,5.47,0.056,0.097,1,3,7,0.68
77,Hill,BOU,DEF,Tier 1 - Top 6,12,2.17,0.016,0.026,0,1,1,0.0
77,Hill,BOU,DEF,Tier 2 - Mid Upper,9,2.78,0.047,0.031,0,1,1,0.0
77,Hill,BOU,DEF,Tier 3 - Rest,19,3.37,0.021,0.032,0,1,6,0.21
82,Semenyo,MCI,MID,Tier 1 - Top 6,11,3.91,0.365,0.065,2,2,4,0.27
82,Semenyo,MCI,MID,Tier 2 - Mid Upper,11,4.91,0.168,0.058,5,1,4,0.36
82,Semenyo,MCI,MID,Tier 3 - Rest,20,6.1,0.294,0.116,11,3,7,0.6
83,O.Dango,BRE,MID,Tier 1 - Top 6,12,2.17,0.192,0.06,1,1,0,0.08
83,O.Dango,BRE,MID,Tier 2 - Mid Upper,8,5.88,0.202,0.13,3,3,3,0.88
83,O.Dango,BRE,MID,Tier 3 - Rest,18,3.5,0.223,0.131,3,4,3,0.44
84,Tavernier,BOU,MID,Tier 1 - Top 6,12,3.5,0.205,0.084,1,2,2,0.17
84,Tavernier,BOU,MID,Tier 2 - Mid Upper,9,3.0,0.428,0.161,2,0,3,0.11
84,Tavernier,BOU,MID,Tier 3 - Rest,19,4.05,0.21,0.144,5,2,6,0.63
85,Adams,BOU,MID,Tier 1 - Top 6,12,1.75,0.037,0.013,1,0,1,0.08
85,Adams,BOU,MID,Tier 2 - Mid Upper,9,1.67,0.004,0.022,0,1,2,0.0
85,Adams,BOU,MID,Tier 3 - Rest,19,2.42,0.008,0.022,1,2,4,0.11
90,Scott,BOU,MID,Tier 1 - Top 6,12,4.0,0.074,0.076,1,2,2,0.25
90,Scott,BOU,MID,Tier 2 - Mid Upper,9,3.67,0.106,0.142,1,0,2,0.33
90,Scott,BOU,MID,Tier 3 - Rest,19,3.16,0.105,0.084,1,0,7,0.16
97,Evanilson,BOU,FWD,Tier 1 - Top 6,12,4.42,0.386,0.028,5,2,3,0.42
97,Evanilson,BOU,FWD,Tier 2 - Mid Upper,9,2.44,0.324,0.059,0,2,2,0.0
97,Evanilson,BOU,FWD,Tier 3 - Rest,19,2.42,0.227,0.037,1,4,6,0.05
100,Kroupi.Jr,BOU,FWD,Tier 1 - Top 6,12,3.42,0.234,0.023,6,0,1,0.42
100,Kroupi.Jr,BOU,FWD,Tier 2 - Mid Upper,9,1.89,0.13,0.039,1,0,2,0.33
100,Kroupi.Jr,BOU,FWD,Tier 3 - Rest,19,3.42,0.246,0.061,7,0,8,0.42
101,Kelleher,BRE,GKP,Tier 1 - Top 6,12,3.25,0.0,0.002,0,0,1,0.17
101,Kelleher,BRE,GKP,Tier 2 - Mid Upper,8,4.0,0.0,0.001,0,0,3,0.38
101,Kelleher,BRE,GKP,Tier 3 - Rest,18,4.0,0.0,0.01,0,0,6,0.33
106,Collins,BRE,DEF,Tier 1 - Top 6,12,2.42,0.018,0.067,0,0,1,0.25
106,Collins,BRE,DEF,Tier 2 - Mid Upper,8,3.0,0.028,0.092,0,0,2,0.12
106,Collins,BRE,DEF,Tier 3 - Rest,18,4.22,0.1,0.009,1,2,6,0.17
107,Lewis-Potter,BRE,DEF,Tier 1 - Top 6,12,2.17,0.087,0.046,1,1,1,0.0
107,Lewis-Potter,BRE,DEF,Tier 2 - Mid Upper,8,1.38,0.02,0.005,0,0,1,0.0
107,Lewis-Potter,BRE,DEF,Tier 3 - Rest,18,4.33,0.101,0.107,2,3,7,0.28
110,Kayode,BRE,DEF,Tier 1 - Top 6,12,1.75,0.061,0.064,0,0,1,0.0
110,Kayode,BRE,DEF,Tier 2 - Mid Upper,8,3.75,0.012,0.035,0,1,3,0.25
110,Kayode,BRE,DEF,Tier 3 - Rest,18,3.44,0.025,0.102,1,1,6,0.39
119,Mbeumo,MUN,MID,Tier 1 - Top 6,10,5.5,0.343,0.115,5,0,4,0.6
119,Mbeumo,MUN,MID,Tier 2 - Mid Upper,10,3.6,0.231,0.094,3,0,2,0.4
119,Mbeumo,MUN,MID,Tier 3 - Rest,18,3.17,0.347,0.161,3,3,2,0.33
120,Schade,BRE,MID,Tier 1 - Top 6,12,3.0,0.252,0.032,3,1,1,0.08
120,Schade,BRE,MID,Tier 2 - Mid Upper,8,4.38,0.459,0.041,4,0,2,0.5
120,Schade,BRE,MID,Tier 3 - Rest,18,3.0,0.299,0.074,1,4,8,0.0
121,Damsgaard,BRE,MID,Tier 1 - Top 6,12,2.17,0.019,0.156,0,1,0,0.17
121,Damsgaard,BRE,MID,Tier 2 - Mid Upper,8,2.25,0.041,0.151,0,1,2,0.0
121,Damsgaard,BRE,MID,Tier 3 - Rest,18,3.83,0.114,0.131,4,2,3,0.39
126,Jensen,BRE,MID,Tier 1 - Top 6,12,2.75,0.05,0.114,2,0,0,0.08
126,Jensen,BRE,MID,Tier 2 - Mid Upper,8,2.62,0.081,0.114,0,2,2,0.0
126,Jensen,BRE,MID,Tier 3 - Rest,18,2.44,0.053,0.21,1,0,7,0.0
129,Yarmoliuk,BRE,MID,Tier 1 - Top 6,12,2.5,0.026,0.025,0,1,1,0.0
129,Yarmoliuk,BRE,MID,Tier 2 - Mid Upper,8,2.38,0.035,0.041,0,1,1,0.0
129,Yarmoliuk,BRE,MID,Tier 3 - Rest,18,3.06,0.035,0.042,1,1,6,0.06
136,Thiago,BRE,FWD,Tier 1 - Top 6,12,2.92,0.343,0.034,3,0,1,0.25
136,Thiago,BRE,FWD,Tier 2 - Mid Upper,8,4.38,0.551,0.105,4,1,3,0.38
136,Thiago,BRE,FWD,Tier 3 - Rest,18,6.17,0.671,0.032,15,0,6,0.89
139,Verbruggen,BHA,GKP,Tier 1 - Top 6,14,2.43,0.0,0.001,0,0,2,0.0
139,Verbruggen,BHA,GKP,Tier 2 - Mid Upper,8,3.12,0.0,0.002,0,0,1,0.0
139,Verbruggen,BHA,GKP,Tier 3 - Rest,18,4.39,0.0,0.002,0,0,8,0.33
145,De Cuyper,BHA,DEF,Tier 1 - Top 6,14,1.57,0.05,0.068,1,2,0,0.07
145,De Cuyper,BHA,DEF,Tier 2 - Mid Upper,8,0.62,0.01,0.024,0,0,0,0.0
145,De Cuyper,BHA,DEF,Tier 3 - Rest,18,3.44,0.049,0.169,1,2,5,0.44
146,Dunk,BHA,DEF,Tier 1 - Top 6,14,1.0,0.028,0.009,0,1,0,0.0
146,Dunk,BHA,DEF,Tier 2 - Mid Upper,8,2.0,0.014,0.008,0,0,1,0.0
146,Dunk,BHA,DEF,Tier 3 - Rest,18,3.89,0.074,0.021,1,0,6,0.28
148,F.Kadıoğlu,BHA,DEF,Tier 1 - Top 6,14,3.0,0.097,0.058,2,0,2,0.43
148,F.Kadıoğlu,BHA,DEF,Tier 2 - Mid Upper,8,2.75,0.02,0.084,0,1,1,0.0
148,F.Kadıoğlu,BHA,DEF,Tier 3 - Rest,18,3.89,0.052,0.107,0,1,8,0.22
151,Van Hecke,BHA,DEF,Tier 1 - Top 6,14,3.21,0.054,0.039,0,2,2,0.0
151,Van Hecke,BHA,DEF,Tier 2 - Mid Upper,8,5.38,0.141,0.029,2,1,2,0.38
151,Van Hecke,BHA,DEF,Tier 3 - Rest,18,4.0,0.089,0.048,1,1,7,0.28
160,Minteh,BHA,MID,Tier 1 - Top 6,14,2.64,0.133,0.149,1,2,2,0.14
160,Minteh,BHA,MID,Tier 2 - Mid Upper,8,3.12,0.114,0.109,0,3,0,0.5
160,Minteh,BHA,MID,Tier 3 - Rest,18,3.28,0.059,0.139,2,3,10,0.17
163,Hinshelwood,BHA,MID,Tier 1 - Top 6,14,2.86,0.18,0.076,2,1,2,0.07
163,Hinshelwood,BHA,MID,Tier 2 - Mid Upper,8,3.88,0.191,0.03,2,3,1,0.12
163,Hinshelwood,BHA,MID,Tier 3 - Rest,18,1.67,0.109,0.06,1,1,5,0.0
167,Baleba,BHA,MID,Tier 1 - Top 6,14,1.14,0.024,0.052,0,0,2,0.0
167,Baleba,BHA,MID,Tier 2 - Mid Upper,8,1.5,0.024,0.024,0,0,1,0.0
167,Baleba,BHA,MID,Tier 3 - Rest,18,1.72,0.014,0.007,0,0,5,0.0
178,Welbeck,BHA,FWD,Tier 1 - Top 6,14,3.79,0.212,0.031,7,0,0,0.57
178,Welbeck,BHA,FWD,Tier 2 - Mid Upper,8,5.12,0.305,0.03,4,1,2,1.0
178,Welbeck,BHA,FWD,Tier 3 - Rest,18,2.22,0.411,0.041,3,0,8,0.17
183,Weiss,BUR,GKP,Tier 1 - Top 6,13,0.15,0.0,0.0,0,0,0,0.0
183,Weiss,BUR,GKP,Tier 2 - Mid Upper,10,0.2,0.0,0.0,0,0,0,0.0
183,Weiss,BUR,GKP,Tier 3 - Rest,17,0.18,0.0,0.0,0,0,0,0.0
187,Walker,BUR,DEF,Tier 1 - Top 6,13,1.08,0.003,0.043,0,1,0,0.0
187,Walker,BUR,DEF,Tier 2 - Mid Upper,10,1.4,0.008,0.007,0,0,1,0.0
187,Walker,BUR,DEF,Tier 3 - Rest,17,2.53,0.002,0.042,0,1,3,0.18
191,Estève,BUR,DEF,Tier 1 - Top 6,13,2.0,0.022,0.028,0,0,0,0.0
191,Estève,BUR,DEF,Tier 2 - Mid Upper,10,1.8,0.009,0.01,0,0,1,0.0
191,Estève,BUR,DEF,Tier 3 - Rest,17,2.76,0.024,0.008,0,0,2,0.0
195,Lucas Pires,BUR,DEF,Tier 1 - Top 6,13,0.62,0.005,0.016,0,0,0,0.0
195,Lucas Pires,BUR,DEF,Tier 2 - Mid Upper,10,0.4,0.021,0.075,0,0,0,0.0
195,Lucas Pires,BUR,DEF,Tier 3 - Rest,17,0.76,0.019,0.029,0,0,1,0.0
198,Tuanzebe,BUR,DEF,Tier 1 - Top 6,13,1.31,0.047,0.001,1,0,0,0.0
198,Tuanzebe,BUR,DEF,Tier 2 - Mid Upper,10,0.4,0.0,0.002,0,0,0,0.0
198,Tuanzebe,BUR,DEF,Tier 3 - Rest,17,0.76,0.0,0.005,0,0,1,0.0
200,Anthony,BUR,MID,Tier 1 - Top 6,13,3.0,0.132,0.071,3,0,1,0.0
200,Anthony,BUR,MID,Tier 2 - Mid Upper,10,3.2,0.158,0.035,2,2,1,0.0
200,Anthony,BUR,MID,Tier 3 - Rest,17,3.53,0.111,0.098,3,2,2,0.35
207,Hannibal,BUR,MID,Tier 1 - Top 6,13,0.85,0.026,0.008,0,0,0,0.0
207,Hannibal,BUR,MID,Tier 2 - Mid Upper,10,1.7,0.021,0.069,0,3,1,0.2
207,Hannibal,BUR,MID,Tier 3 - Rest,17,1.82,0.021,0.075,1,2,1,0.12
210,Tchaouna,BUR,MID,Tier 1 - Top 6,13,1.46,0.022,0.018,0,1,1,0.0
210,Tchaouna,BUR,MID,Tier 2 - Mid Upper,10,1.3,0.045,0.03,0,0,1,0.0
210,Tchaouna,BUR,MID,Tier 3 - Rest,17,1.76,0.032,0.022,2,1,0,0.0
215,Flemming,BUR,FWD,Tier 1 - Top 6,13,1.77,0.052,0.006,2,0,0,0.31
215,Flemming,BUR,FWD,Tier 2 - Mid Upper,10,2.8,0.446,0.017,4,0,2,0.0
215,Flemming,BUR,FWD,Tier 3 - Rest,17,3.35,0.191,0.011,6,0,1,0.47
220,Sánchez,CHE,GKP,Tier 1 - Top 6,11,1.64,0.0,0.001,0,0,1,0.0
220,Sánchez,CHE,GKP,Tier 2 - Mid Upper,11,3.64,0.0,0.0,0,1,2,0.55
220,Sánchez,CHE,GKP,Tier 3 - Rest,18,3.28,0.0,0.002,0,0,6,0.06
224,Cucurella,CHE,DEF,Tier 1 - Top 6,11,1.82,0.059,0.086,0,1,1,0.27
224,Cucurella,CHE,DEF,Tier 2 - Mid Upper,11,1.91,0.012,0.036,0,0,2,0.0
224,Cucurella,CHE,DEF,Tier 3 - Rest,18,3.67,0.087,0.107,1,3,6,0.11
228,Gusto,CHE,DEF,Tier 1 - Top 6,11,2.09,0.002,0.055,0,1,1,0.0
228,Gusto,CHE,DEF,Tier 2 - Mid Upper,11,1.55,0.007,0.092,0,1,1,0.09
228,Gusto,CHE,DEF,Tier 3 - Rest,18,3.28,0.081,0.098,2,1,5,0.33
230,Fofana,CHE,DEF,Tier 1 - Top 6,11,2.09,0.022,0.002,0,1,1,0.0
230,Fofana,CHE,DEF,Tier 2 - Mid Upper,11,1.91,0.038,0.008,0,0,1,0.09
230,Fofana,CHE,DEF,Tier 3 - Rest,18,1.28,0.01,0.028,0,1,2,0.11
235,Palmer,CHE,MID,Tier 1 - Top 6,11,1.27,0.089,0.04,0,0,0,0.0
235,Palmer,CHE,MID,Tier 2 - Mid Upper,11,4.0,0.306,0.082,4,1,1,0.27
235,Palmer,CHE,MID,Tier 3 - Rest,18,3.22,0.363,0.066,6,1,2,0.44
237,Enzo,CHE,MID,Tier 1 - Top 6,11,4.0,0.234,0.146,3,1,1,0.73
237,Enzo,CHE,MID,Tier 2 - Mid Upper,11,3.91,0.273,0.153,2,2,2,0.36
237,Enzo,CHE,MID,Tier 3 - Rest,18,4.11,0.337,0.244,5,2,5,0.39
241,Caicedo,CHE,MID,Tier 1 - Top 6,11,3.18,0.023,0.057,1,1,1,0.45
241,Caicedo,CHE,MID,Tier 2 - Mid Upper,11,3.0,0.026,0.044,1,0,1,0.27
241,Caicedo,CHE,MID,Tier 3 - Rest,18,2.56,0.055,0.072,1,0,4,0.11
242,Dewsbury-Hall,EVE,MID,Tier 1 - Top 6,12,3.17,0.078,0.121,1,1,2,0.33
242,Dewsbury-Hall,EVE,MID,Tier 2 - Mid Upper,10,3.3,0.15,0.15,2,1,3,0.2
242,Dewsbury-Hall,EVE,MID,Tier 3 - Rest,16,5.0,0.119,0.149,5,5,3,0.75
249,João Pedro,CHE,FWD,Tier 1 - Top 6,11,2.0,0.269,0.027,1,0,1,0.27
249,João Pedro,CHE,FWD,Tier 2 - Mid Upper,11,4.91,0.474,0.015,6,2,1,0.91
249,João Pedro,CHE,FWD,Tier 3 - Rest,18,5.61,0.374,0.083,8,7,8,0.94
253,Henderson,CRY,GKP,Tier 1 - Top 6,13,2.23,0.0,0.001,0,0,1,0.0
253,Henderson,CRY,GKP,Tier 2 - Mid Upper,10,4.4,0.0,0.004,0,0,5,0.4
253,Henderson,CRY,GKP,Tier 3 - Rest,17,3.59,0.0,0.004,0,0,5,0.18
256,Muñoz,CRY,DEF,Tier 1 - Top 6,13,1.77,0.046,0.047,1,0,1,0.08
256,Muñoz,CRY,DEF,Tier 2 - Mid Upper,10,4.6,0.039,0.127,0,3,4,0.2
256,Muñoz,CRY,DEF,Tier 3 - Rest,17,4.12,0.086,0.151,3,1,5,0.41
257,Lacroix,CRY,DEF,Tier 1 - Top 6,13,2.62,0.055,0.036,1,0,1,0.0
257,Lacroix,CRY,DEF,Tier 2 - Mid Upper,10,5.6,0.051,0.026,0,1,5,0.5
257,Lacroix,CRY,DEF,Tier 3 - Rest,17,4.0,0.077,0.007,0,1,5,0.35
258,Mitchell,CRY,DEF,Tier 1 - Top 6,13,2.31,0.019,0.032,0,1,1,0.08
258,Mitchell,CRY,DEF,Tier 2 - Mid Upper,10,4.4,0.058,0.117,0,1,5,0.3
258,Mitchell,CRY,DEF,Tier 3 - Rest,17,3.94,0.057,0.059,1,2,6,0.24
260,Guéhi,MCI,DEF,Tier 1 - Top 6,11,4.18,0.135,0.022,1,1,3,0.36
260,Guéhi,MCI,DEF,Tier 2 - Mid Upper,11,5.64,0.045,0.076,1,0,6,0.55
260,Guéhi,MCI,DEF,Tier 3 - Rest,20,4.7,0.113,0.074,1,4,8,0.3
266,Eze,ARS,MID,Tier 1 - Top 6,10,4.9,0.205,0.148,5,1,1,0.5
266,Eze,ARS,MID,Tier 2 - Mid Upper,11,1.45,0.072,0.027,1,0,1,0.0
266,Eze,ARS,MID,Tier 3 - Rest,19,2.63,0.134,0.048,1,2,9,0.16
270,Hughes,CRY,MID,Tier 1 - Top 6,13,1.0,0.018,0.046,0,0,1,0.0
270,Hughes,CRY,MID,Tier 2 - Mid Upper,10,1.3,0.032,0.051,0,0,3,0.0
270,Hughes,CRY,MID,Tier 3 - Rest,17,1.18,0.033,0.062,0,1,1,0.0
272,Lerma,CRY,MID,Tier 1 - Top 6,13,0.92,0.023,0.041,0,0,0,0.0
272,Lerma,CRY,MID,Tier 2 - Mid Upper,10,2.4,0.104,0.027,0,3,3,0.1
272,Lerma,CRY,MID,Tier 3 - Rest,17,2.12,0.031,0.041,0,2,4,0.12
287,Pickford,EVE,GKP,Tier 1 - Top 6,12,2.67,0.0,0.008,0,0,2,0.17
287,Pickford,EVE,GKP,Tier 2 - Mid Upper,10,4.5,0.0,0.004,0,0,4,0.7
287,Pickford,EVE,GKP,Tier 3 - Rest,16,3.62,0.0,0.004,0,0,5,0.12
291,Tarkowski,EVE,DEF,Tier 1 - Top 6,12,2.5,0.038,0.019,0,0,2,0.0
291,Tarkowski,EVE,DEF,Tier 2 - Mid Upper,10,4.8,0.072,0.065,0,1,4,0.2
291,Tarkowski,EVE,DEF,Tier 3 - Rest,16,5.75,0.084,0.076,2,2,5,0.62
292,Mykolenko,EVE,DEF,Tier 1 - Top 6,12,2.33,0.001,0.044,0,0,2,0.17
292,Mykolenko,EVE,DEF,Tier 2 - Mid Upper,10,2.0,0.003,0.09,0,0,2,0.0
292,Mykolenko,EVE,DEF,Tier 3 - Rest,16,2.94,0.015,0.064,0,1,5,0.0
293,O'Brien,EVE,DEF,Tier 1 - Top 6,12,2.42,0.014,0.017,1,0,2,0.0
293,O'Brien,EVE,DEF,Tier 2 - Mid Upper,10,3.5,0.041,0.034,0,2,4,0.1
293,O'Brien,EVE,DEF,Tier 3 - Rest,16,3.25,0.068,0.028,0,1,4,0.06
295,Keane,EVE,DEF,Tier 1 - Top 6,12,3.08,0.032,0.027,0,0,2,0.08
295,Keane,EVE,DEF,Tier 2 - Mid Upper,10,2.0,0.074,0.011,0,0,2,0.0
295,Keane,EVE,DEF,Tier 3 - Rest,16,4.62,0.074,0.004,3,1,3,0.44
299,Ndiaye,EVE,MID,Tier 1 - Top 6,12,3.25,0.164,0.121,1,1,2,0.17
299,Ndiaye,EVE,MID,Tier 2 - Mid Upper,10,3.5,0.193,0.094,2,0,3,0.2
299,Ndiaye,EVE,MID,Tier 3 - Rest,16,3.38,0.174,0.126,3,2,3,0.19
303,Garner,EVE,MID,Tier 1 - Top 6,12,3.83,0.047,0.109,0,3,2,0.0
303,Garner,EVE,MID,Tier 2 - Mid Upper,10,4.3,0.031,0.141,1,1,4,0.3
303,Garner,EVE,MID,Tier 3 - Rest,16,4.38,0.077,0.216,1,3,5,0.62
304,Iroegbunam,EVE,MID,Tier 1 - Top 6,12,1.58,0.005,0.006,0,0,1,0.0
304,Iroegbunam,EVE,MID,Tier 2 - Mid Upper,10,1.4,0.02,0.005,0,0,3,0.0
304,Iroegbunam,EVE,MID,Tier 3 - Rest,16,2.19,0.018,0.037,0,3,4,0.06
311,Beto,EVE,FWD,Tier 1 - Top 6,12,3.17,0.229,0.005,3,1,2,0.5
311,Beto,EVE,FWD,Tier 2 - Mid Upper,10,3.3,0.353,0.003,4,0,1,0.6
311,Beto,EVE,FWD,Tier 3 - Rest,16,2.06,0.164,0.009,2,0,2,0.19
314,Leno,FUL,GKP,Tier 1 - Top 6,12,1.92,0.0,0.0,0,0,0,0.0
314,Leno,FUL,GKP,Tier 2 - Mid Upper,10,3.8,0.0,0.002,0,0,3,0.4
314,Leno,FUL,GKP,Tier 3 - Rest,16,3.81,0.0,0.0,0,0,6,0.25
316,Robinson,FUL,DEF,Tier 1 - Top 6,12,0.83,0.002,0.017,0,0,0,0.0
316,Robinson,FUL,DEF,Tier 2 - Mid Upper,10,1.1,0.004,0.016,0,0,1,0.1
316,Robinson,FUL,DEF,Tier 3 - Rest,16,2.75,0.063,0.076,1,0,3,0.38
318,Bassey,FUL,DEF,Tier 1 - Top 6,12,1.42,0.039,0.008,0,0,0,0.0
318,Bassey,FUL,DEF,Tier 2 - Mid Upper,10,2.7,0.008,0.004,0,0,3,0.0
318,Bassey,FUL,DEF,Tier 3 - Rest,16,3.69,0.073,0.013,1,1,4,0.56
319,Castagne,FUL,DEF,Tier 1 - Top 6,12,1.08,0.046,0.038,0,1,0,0.0
319,Castagne,FUL,DEF,Tier 2 - Mid Upper,10,3.2,0.013,0.064,0,0,3,0.3
319,Castagne,FUL,DEF,Tier 3 - Rest,16,1.0,0.051,0.023,0,1,0,0.0
325,Smith Rowe,FUL,MID,Tier 1 - Top 6,12,2.58,0.156,0.021,2,1,0,0.0
325,Smith Rowe,FUL,MID,Tier 2 - Mid Upper,10,1.7,0.038,0.012,0,0,3,0.0
325,Smith Rowe,FUL,MID,Tier 3 - Rest,16,2.0,0.154,0.047,1,0,3,0.06
332,Lukić,FUL,MID,Tier 1 - Top 6,12,0.92,0.0,0.068,0,0,0,0.0
332,Lukić,FUL,MID,Tier 2 - Mid Upper,10,2.6,0.126,0.082,1,2,2,0.2
332,Lukić,FUL,MID,Tier 3 - Rest,16,1.88,0.061,0.017,0,2,4,0.12
338,Muniz,FUL,FWD,Tier 1 - Top 6,12,0.5,0.068,0.005,0,0,0,0.0
338,Muniz,FUL,FWD,Tier 2 - Mid Upper,10,1.8,0.125,0.002,1,1,2,0.3
338,Muniz,FUL,FWD,Tier 3 - Rest,16,0.75,0.077,0.004,0,0,1,0.0
341,Darlow,LEE,GKP,Tier 1 - Top 6,12,1.0,0.0,0.002,0,0,0,0.0
341,Darlow,LEE,GKP,Tier 2 - Mid Upper,11,2.64,0.0,0.001,0,0,3,0.27
341,Darlow,LEE,GKP,Tier 3 - Rest,17,2.24,0.0,0.001,0,0,3,0.0
343,Struijk,LEE,DEF,Tier 1 - Top 6,12,2.42,0.088,0.013,0,1,1,0.08
343,Struijk,LEE,DEF,Tier 2 - Mid Upper,11,2.91,0.073,0.023,0,0,3,0.09
343,Struijk,LEE,DEF,Tier 3 - Rest,17,3.35,0.081,0.021,0,0,4,0.18
344,Bijol,LEE,DEF,Tier 1 - Top 6,12,3.17,0.027,0.015,1,0,1,0.25
344,Bijol,LEE,DEF,Tier 2 - Mid Upper,11,3.18,0.009,0.01,0,1,3,0.27
344,Bijol,LEE,DEF,Tier 3 - Rest,17,2.12,0.032,0.027,0,2,2,0.0
348,Rodon,LEE,DEF,Tier 1 - Top 6,12,1.17,0.012,0.011,0,0,0,0.0
348,Rodon,LEE,DEF,Tier 2 - Mid Upper,11,3.45,0.054,0.02,1,0,3,0.09
348,Rodon,LEE,DEF,Tier 3 - Rest,17,3.41,0.04,0.017,1,0,3,0.24
350,Aaronson,LEE,MID,Tier 1 - Top 6,12,2.83,0.092,0.047,1,3,1,0.0
350,Aaronson,LEE,MID,Tier 2 - Mid Upper,11,3.45,0.103,0.037,2,2,3,0.18
350,Aaronson,LEE,MID,Tier 3 - Rest,17,3.59,0.137,0.161,1,4,6,0.18
354,Ampadu,LEE,MID,Tier 1 - Top 6,12,3.0,0.067,0.035,0,1,1,0.25
354,Ampadu,LEE,MID,Tier 2 - Mid Upper,11,3.55,0.055,0.064,0,2,3,0.36
354,Ampadu,LEE,MID,Tier 3 - Rest,17,4.18,0.093,0.066,1,2,5,0.35
358,Tanaka,LEE,MID,Tier 1 - Top 6,12,2.5,0.074,0.068,2,0,0,0.25
358,Tanaka,LEE,MID,Tier 2 - Mid Upper,11,1.36,0.007,0.035,0,0,1,0.0
358,Tanaka,LEE,MID,Tier 3 - Rest,17,1.59,0.029,0.022,0,1,3,0.06
373,Virgil,LIV,DEF,Tier 1 - Top 6,10,2.6,0.064,0.019,0,0,2,0.2
373,Virgil,LIV,DEF,Tier 2 - Mid Upper,10,5.2,0.083,0.031,3,0,2,0.0
373,Virgil,LIV,DEF,Tier 3 - Rest,18,5.39,0.128,0.052,3,1,6,0.44
374,Konaté,LIV,DEF,Tier 1 - Top 6,10,2.3,0.001,0.025,0,0,2,0.0
374,Konaté,LIV,DEF,Tier 2 - Mid Upper,10,3.3,0.049,0.009,1,0,2,0.3
374,Konaté,LIV,DEF,Tier 3 - Rest,18,4.06,0.038,0.036,0,0,6,0.28
384,Gakpo,LIV,MID,Tier 1 - Top 6,10,3.4,0.305,0.086,3,0,3,0.0
384,Gakpo,LIV,MID,Tier 2 - Mid Upper,10,3.4,0.139,0.145,1,2,1,0.2
384,Gakpo,LIV,MID,Tier 3 - Rest,18,3.5,0.217,0.131,3,3,6,0.17
386,Mac Allister,LIV,MID,Tier 1 - Top 6,10,2.4,0.033,0.043,0,1,2,0.1
386,Mac Allister,LIV,MID,Tier 2 - Mid Upper,10,2.3,0.115,0.04,0,2,2,0.0
386,Mac Allister,LIV,MID,Tier 3 - Rest,18,3.39,0.134,0.048,2,2,3,0.44
387,Szoboszlai,LIV,MID,Tier 1 - Top 6,10,5.7,0.132,0.145,4,1,2,1.0
387,Szoboszlai,LIV,MID,Tier 2 - Mid Upper,10,5.1,0.113,0.196,1,4,2,0.8
387,Szoboszlai,LIV,MID,Tier 3 - Rest,18,2.89,0.128,0.19,1,2,5,0.17
388,C.Jones,LIV,MID,Tier 1 - Top 6,10,1.3,0.024,0.075,0,1,0,0.0
388,C.Jones,LIV,MID,Tier 2 - Mid Upper,10,2.8,0.098,0.043,1,0,1,0.5
388,C.Jones,LIV,MID,Tier 3 - Rest,18,2.22,0.055,0.088,0,2,2,0.06
390,Gravenberch,LIV,MID,Tier 1 - Top 6,10,3.2,0.043,0.063,1,1,2,0.3
390,Gravenberch,LIV,MID,Tier 2 - Mid Upper,10,3.5,0.052,0.05,2,0,2,0.5
390,Gravenberch,LIV,MID,Tier 3 - Rest,18,4.28,0.052,0.063,2,4,5,0.5
406,Khusanov,MCI,DEF,Tier 1 - Top 6,11,3.64,0.04,0.026,0,0,4,0.27
406,Khusanov,MCI,DEF,Tier 2 - Mid Upper,11,1.09,0.005,0.076,0,0,1,0.0
406,Khusanov,MCI,DEF,Tier 3 - Rest,20,1.8,0.014,0.016,0,0,3,0.15
407,Matheus N.,MCI,DEF,Tier 1 - Top 6,11,3.45,0.0,0.035,0,3,3,0.18
407,Matheus N.,MCI,DEF,Tier 2 - Mid Upper,11,2.18,0.003,0.027,0,0,2,0.0
407,Matheus N.,MCI,DEF,Tier 3 - Rest,20,5.45,0.015,0.086,1,6,9,0.7
414,Foden,MCI,MID,Tier 1 - Top 6,11,2.27,0.068,0.032,1,0,3,0.18
414,Foden,MCI,MID,Tier 2 - Mid Upper,11,2.64,0.179,0.171,0,3,2,0.27
414,Foden,MCI,MID,Tier 3 - Rest,20,4.55,0.199,0.156,6,4,7,0.55
415,Savinho,MCI,MID,Tier 1 - Top 6,11,0.55,0.016,0.007,0,0,0,0.0
415,Savinho,MCI,MID,Tier 2 - Mid Upper,11,1.73,0.065,0.059,1,0,2,0.09
415,Savinho,MCI,MID,Tier 3 - Rest,20,1.5,0.112,0.05,1,2,2,0.05
416,Bernardo,MCI,MID,Tier 1 - Top 6,11,3.45,0.125,0.166,1,3,4,0.09
416,Bernardo,MCI,MID,Tier 2 - Mid Upper,11,1.82,0.069,0.054,0,0,2,0.0
416,Bernardo,MCI,MID,Tier 3 - Rest,20,2.9,0.056,0.102,1,1,10,0.15
437,Martinez,MUN,DEF,Tier 1 - Top 6,10,1.4,0.001,0.008,0,0,2,0.1
437,Martinez,MUN,DEF,Tier 2 - Mid Upper,10,1.8,0.002,0.006,0,0,2,0.2
437,Martinez,MUN,DEF,Tier 3 - Rest,18,1.06,0.007,0.026,0,0,1,0.0
442,Maguire,MUN,DEF,Tier 1 - Top 6,10,4.6,0.05,0.004,1,1,4,0.3
442,Maguire,MUN,DEF,Tier 2 - Mid Upper,10,1.6,0.016,0.041,0,1,1,0.0
442,Maguire,MUN,DEF,Tier 3 - Rest,18,1.56,0.026,0.003,0,0,2,0.11
443,Shaw,MUN,DEF,Tier 1 - Top 6,10,3.3,0.03,0.04,0,0,3,0.3
443,Shaw,MUN,DEF,Tier 2 - Mid Upper,10,3.7,0.009,0.021,0,1,4,0.0
443,Shaw,MUN,DEF,Tier 3 - Rest,18,2.39,0.018,0.076,1,0,3,0.0
449,B.Fernandes,MUN,MID,Tier 1 - Top 6,10,6.3,0.267,0.296,2,6,3,1.1
449,B.Fernandes,MUN,MID,Tier 2 - Mid Upper,10,6.7,0.284,0.343,3,7,1,1.4
449,B.Fernandes,MUN,MID,Tier 3 - Rest,18,5.83,0.293,0.327,4,11,3,0.89
450,Cunha,MUN,MID,Tier 1 - Top 6,10,3.8,0.09,0.043,3,1,3,0.3
450,Cunha,MUN,MID,Tier 2 - Mid Upper,10,4.5,0.231,0.142,4,1,1,0.6
450,Cunha,MUN,MID,Tier 3 - Rest,18,3.33,0.205,0.084,3,2,4,0.28
452,Amad,MUN,MID,Tier 1 - Top 6,10,2.5,0.073,0.136,0,2,2,0.3
452,Amad,MUN,MID,Tier 2 - Mid Upper,10,2.3,0.224,0.125,1,1,2,0.1
452,Amad,MUN,MID,Tier 3 - Rest,18,2.39,0.138,0.118,1,2,2,0.17
458,Mainoo,MUN,MID,Tier 1 - Top 6,10,3.0,0.011,0.031,1,2,3,0.2
458,Mainoo,MUN,MID,Tier 2 - Mid Upper,10,1.7,0.013,0.052,0,0,1,0.0
458,Mainoo,MUN,MID,Tier 3 - Rest,18,1.44,0.013,0.024,0,0,2,0.0
469,Pope,NEW,GKP,Tier 1 - Top 6,12,1.33,0.013,0.0,0,1,0,0.0
469,Pope,NEW,GKP,Tier 2 - Mid Upper,8,3.5,0.0,0.0,0,0,2,0.25
469,Pope,NEW,GKP,Tier 3 - Rest,18,2.89,0.0,0.0,0,0,5,0.06
473,Hall,NEW,DEF,Tier 1 - Top 6,12,2.33,0.027,0.033,1,0,1,0.0
473,Hall,NEW,DEF,Tier 2 - Mid Upper,8,1.25,0.002,0.035,0,0,1,0.12
473,Hall,NEW,DEF,Tier 3 - Rest,18,2.28,0.037,0.117,0,2,2,0.17
475,Botman,NEW,DEF,Tier 1 - Top 6,12,1.75,0.068,0.004,0,0,1,0.17
475,Botman,NEW,DEF,Tier 2 - Mid Upper,8,3.5,0.057,0.06,1,0,1,0.25
475,Botman,NEW,DEF,Tier 3 - Rest,18,2.22,0.025,0.018,0,1,3,0.11
476,Burn,NEW,DEF,Tier 1 - Top 6,12,1.5,0.016,0.011,0,1,0,0.0
476,Burn,NEW,DEF,Tier 2 - Mid Upper,8,3.62,0.072,0.012,1,0,2,0.25
476,Burn,NEW,DEF,Tier 3 - Rest,18,2.56,0.017,0.007,0,2,4,0.17
488,Bruno G.,NEW,MID,Tier 1 - Top 6,12,2.83,0.066,0.095,2,2,0,0.25
488,Bruno G.,NEW,MID,Tier 2 - Mid Upper,8,3.38,0.175,0.12,1,2,1,0.25
488,Bruno G.,NEW,MID,Tier 3 - Rest,18,5.17,0.189,0.159,6,3,5,0.94
489,J.Murphy,NEW,MID,Tier 1 - Top 6,12,1.75,0.032,0.105,0,0,3,0.0
489,J.Murphy,NEW,MID,Tier 2 - Mid Upper,8,1.88,0.046,0.05,0,1,1,0.38
489,J.Murphy,NEW,MID,Tier 3 - Rest,18,2.56,0.128,0.056,3,1,4,0.11
491,Tonali,NEW,MID,Tier 1 - Top 6,12,2.25,0.017,0.121,0,1,0,0.08
491,Tonali,NEW,MID,Tier 2 - Mid Upper,8,2.62,0.119,0.111,0,0,2,0.0
491,Tonali,NEW,MID,Tier 3 - Rest,18,1.83,0.033,0.029,0,1,5,0.06
500,Osula,NEW,FWD,Tier 1 - Top 6,12,1.5,0.015,0.004,2,0,0,0.17
500,Osula,NEW,FWD,Tier 2 - Mid Upper,8,2.75,0.15,0.048,2,0,0,0.75
500,Osula,NEW,FWD,Tier 3 - Rest,18,2.0,0.161,0.011,3,1,2,0.28
502,Sels,NFO,GKP,Tier 1 - Top 6,12,3.33,0.0,0.004,0,0,3,0.25
502,Sels,NFO,GKP,Tier 2 - Mid Upper,10,2.7,0.0,0.001,0,0,1,0.0
502,Sels,NFO,GKP,Tier 3 - Rest,16,2.38,0.0,0.0,0,0,3,0.0
505,Milenković,NFO,DEF,Tier 1 - Top 6,12,3.58,0.057,0.008,0,0,4,0.08
505,Milenković,NFO,DEF,Tier 2 - Mid Upper,10,2.7,0.003,0.025,0,0,1,0.0
505,Milenković,NFO,DEF,Tier 3 - Rest,16,3.06,0.007,0.021,0,1,4,0.06
508,N.Williams,NFO,DEF,Tier 1 - Top 6,12,4.25,0.067,0.07,0,3,4,0.5
508,N.Williams,NFO,DEF,Tier 2 - Mid Upper,10,2.7,0.036,0.054,1,0,1,0.3
508,N.Williams,NFO,DEF,Tier 3 - Rest,16,3.12,0.053,0.162,1,0,4,0.38
510,Jair Cunha,NFO,DEF,Tier 1 - Top 6,12,0.25,0.0,0.004,0,0,0,0.0
510,Jair Cunha,NFO,DEF,Tier 2 - Mid Upper,10,0.8,0.027,0.001,0,0,0,0.0
510,Jair Cunha,NFO,DEF,Tier 3 - Rest,16,0.12,0.0,0.0,0,0,0,0.0
511,Morato,NFO,DEF,Tier 1 - Top 6,12,1.0,0.041,0.0,1,0,0,0.0
511,Morato,NFO,DEF,Tier 2 - Mid Upper,10,1.3,0.0,0.01,0,0,0,0.0
511,Morato,NFO,DEF,Tier 3 - Rest,16,1.75,0.052,0.003,0,0,2,0.06
517,Anderson,NFO,MID,Tier 1 - Top 6,12,5.58,0.039,0.128,1,3,5,0.58
517,Anderson,NFO,MID,Tier 2 - Mid Upper,10,4.3,0.07,0.133,1,1,1,0.6
517,Anderson,NFO,MID,Tier 3 - Rest,16,4.38,0.111,0.121,2,1,4,0.19
519,Dominguez,NFO,MID,Tier 1 - Top 6,12,1.25,0.038,0.012,0,0,2,0.0
519,Dominguez,NFO,MID,Tier 2 - Mid Upper,10,1.2,0.016,0.009,0,0,1,0.0
519,Dominguez,NFO,MID,Tier 3 - Rest,16,1.31,0.053,0.034,1,1,0,0.19
526,Igor Jesus,NFO,FWD,Tier 1 - Top 6,12,3.25,0.201,0.074,2,3,5,0.17
526,Igor Jesus,NFO,FWD,Tier 2 - Mid Upper,10,2.6,0.132,0.021,1,1,1,0.3
526,Igor Jesus,NFO,FWD,Tier 3 - Rest,16,3.06,0.172,0.01,3,2,3,0.5
532,Hume,SUN,DEF,Tier 1 - Top 6,12,2.67,0.048,0.052,1,0,2,0.0
532,Hume,SUN,DEF,Tier 2 - Mid Upper,10,2.9,0.051,0.077,1,0,1,0.2
532,Hume,SUN,DEF,Tier 3 - Rest,16,3.06,0.074,0.041,0,1,6,0.25
541,Reinildo,SUN,DEF,Tier 1 - Top 6,12,2.08,0.0,0.016,0,0,2,0.08
541,Reinildo,SUN,DEF,Tier 2 - Mid Upper,10,1.4,0.005,0.004,0,1,1,0.3
541,Reinildo,SUN,DEF,Tier 3 - Rest,16,2.19,0.005,0.024,0,1,3,0.12
547,E.Le Fée,SUN,MID,Tier 1 - Top 6,12,3.0,0.055,0.187,0,2,4,0.25
547,E.Le Fée,SUN,MID,Tier 2 - Mid Upper,10,4.2,0.288,0.198,2,2,2,0.7
547,E.Le Fée,SUN,MID,Tier 3 - Rest,16,4.31,0.105,0.108,3,2,4,0.38
552,Sadiki,SUN,MID,Tier 1 - Top 6,12,2.0,0.059,0.024,0,0,2,0.0
552,Sadiki,SUN,MID,Tier 2 - Mid Upper,10,1.6,0.037,0.035,0,1,1,0.0
552,Sadiki,SUN,MID,Tier 3 - Rest,16,2.5,0.022,0.051,0,1,6,0.0
567,Kinsky,TOT,GKP,Tier 1 - Top 6,10,0.1,0.0,0.0,0,0,0,0.0
567,Kinsky,TOT,GKP,Tier 2 - Mid Upper,10,0.3,0.0,0.0,0,0,0,0.0
567,Kinsky,TOT,GKP,Tier 3 - Rest,18,0.89,0.0,0.0,0,0,2,0.0
568,Pedro Porro,TOT,DEF,Tier 1 - Top 6,10,1.2,0.018,0.067,0,0,1,0.0
568,Pedro Porro,TOT,DEF,Tier 2 - Mid Upper,10,3.6,0.028,0.047,1,0,2,0.3
568,Pedro Porro,TOT,DEF,Tier 3 - Rest,18,3.83,0.033,0.179,0,3,6,0.28
570,Danso,TOT,DEF,Tier 1 - Top 6,10,0.8,0.0,0.006,0,0,0,0.0
570,Danso,TOT,DEF,Tier 2 - Mid Upper,10,0.9,0.012,0.003,0,0,0,0.0
570,Danso,TOT,DEF,Tier 3 - Rest,18,2.56,0.028,0.011,0,0,4,0.06
574,Udogie,TOT,DEF,Tier 1 - Top 6,10,0.6,0.006,0.017,0,1,0,0.0
574,Udogie,TOT,DEF,Tier 2 - Mid Upper,10,0.7,0.002,0.017,0,0,0,0.0
574,Udogie,TOT,DEF,Tier 3 - Rest,18,0.89,0.006,0.021,0,0,1,0.06
575,Van de Ven,TOT,DEF,Tier 1 - Top 6,10,1.0,0.014,0.004,0,0,1,0.0
575,Van de Ven,TOT,DEF,Tier 2 - Mid Upper,10,2.0,0.06,0.008,0,0,2,0.0
575,Van de Ven,TOT,DEF,Tier 3 - Rest,18,4.78,0.116,0.014,4,1,6,0.56
584,Tel,TOT,MID,Tier 1 - Top 6,10,1.3,0.046,0.047,1,0,0,0.0
584,Tel,TOT,MID,Tier 2 - Mid Upper,10,2.4,0.074,0.102,1,2,1,0.3
584,Tel,TOT,MID,Tier 3 - Rest,18,2.28,0.071,0.052,2,0,2,0.22
585,Bentancur,TOT,MID,Tier 1 - Top 6,10,1.0,0.004,0.005,0,0,1,0.0
585,Bentancur,TOT,MID,Tier 2 - Mid Upper,10,3.7,0.016,0.042,1,0,3,0.3
585,Bentancur,TOT,MID,Tier 3 - Rest,18,2.17,0.029,0.021,0,1,4,0.06
597,Richarlison,TOT,FWD,Tier 1 - Top 6,10,3.8,0.285,0.022,5,1,1,0.5
597,Richarlison,TOT,FWD,Tier 2 - Mid Upper,10,3.2,0.291,0.056,3,0,3,0.8
597,Richarlison,TOT,FWD,Tier 3 - Rest,18,2.72,0.16,0.038,3,3,3,0.22
603,Diouf,WHU,DEF,Tier 1 - Top 6,12,2.08,0.01,0.042,0,2,1,0.0
603,Diouf,WHU,DEF,Tier 2 - Mid Upper,10,2.3,0.02,0.072,0,0,2,0.1
603,Diouf,WHU,DEF,Tier 3 - Rest,16,3.5,0.016,0.081,0,4,6,0.12
606,Mavropanos,WHU,DEF,Tier 1 - Top 6,12,3.42,0.095,0.007,1,0,0,0.17
606,Mavropanos,WHU,DEF,Tier 2 - Mid Upper,10,1.8,0.028,0.047,0,0,1,0.0
606,Mavropanos,WHU,DEF,Tier 3 - Rest,16,3.94,0.066,0.009,2,0,5,0.19
613,Souček,WHU,MID,Tier 1 - Top 6,12,2.58,0.137,0.014,2,0,0,0.17
613,Souček,WHU,MID,Tier 2 - Mid Upper,10,1.9,0.153,0.009,1,0,1,0.0
613,Souček,WHU,MID,Tier 3 - Rest,16,3.31,0.159,0.016,2,2,6,0.44
615,Summerville,WHU,MID,Tier 1 - Top 6,12,2.25,0.094,0.043,2,0,1,0.25
615,Summerville,WHU,MID,Tier 2 - Mid Upper,10,1.5,0.187,0.068,0,0,2,0.0
615,Summerville,WHU,MID,Tier 3 - Rest,16,4.25,0.152,0.135,3,4,5,0.44
624,Bowen,WHU,FWD,Tier 1 - Top 6,12,3.75,0.136,0.118,1,4,1,0.25
624,Bowen,WHU,FWD,Tier 2 - Mid Upper,10,4.2,0.253,0.14,3,0,1,0.7
624,Bowen,WHU,FWD,Tier 3 - Rest,16,6.25,0.191,0.15,5,9,6,1.12
634,Mosquera,WOL,DEF,Tier 1 - Top 6,13,1.31,0.085,0.018,0,0,1,0.0
634,Mosquera,WOL,DEF,Tier 2 - Mid Upper,10,2.5,0.046,0.016,0,0,2,0.3
634,Mosquera,WOL,DEF,Tier 3 - Rest,17,1.65,0.055,0.015,0,0,2,0.0
636,S.Bueno,WOL,DEF,Tier 1 - Top 6,13,2.62,0.123,0.042,2,1,1,0.15
636,S.Bueno,WOL,DEF,Tier 2 - Mid Upper,10,2.1,0.01,0.005,0,0,2,0.0
636,S.Bueno,WOL,DEF,Tier 3 - Rest,17,2.71,0.034,0.061,1,2,2,0.12
642,Hee Chan,WOL,MID,Tier 1 - Top 6,13,1.0,0.024,0.013,0,0,0,0.0
642,Hee Chan,WOL,MID,Tier 2 - Mid Upper,10,1.1,0.056,0.022,0,0,1,0.0
642,Hee Chan,WOL,MID,Tier 3 - Rest,17,1.76,0.088,0.069,2,2,1,0.0
643,André,WOL,MID,Tier 1 - Top 6,13,2.69,0.011,0.028,1,0,0,0.31
643,André,WOL,MID,Tier 2 - Mid Upper,10,2.3,0.02,0.024,0,0,2,0.0
643,André,WOL,MID,Tier 3 - Rest,17,2.35,0.013,0.023,0,0,0,0.0
646,J.Gomes,WOL,MID,Tier 1 - Top 6,13,2.69,0.012,0.024,0,0,2,0.08
646,J.Gomes,WOL,MID,Tier 2 - Mid Upper,10,4.4,0.052,0.097,1,2,2,0.5
646,J.Gomes,WOL,MID,Tier 3 - Rest,17,1.94,0.036,0.048,0,0,1,0.0
660,Stach,LEE,MID,Tier 1 - Top 6,12,3.08,0.042,0.082,1,2,1,0.17
660,Stach,LEE,MID,Tier 2 - Mid Upper,11,2.82,0.095,0.087,1,1,4,0.27
660,Stach,LEE,MID,Tier 3 - Rest,17,4.06,0.078,0.148,3,3,2,0.53
668,Xhaka,SUN,MID,Tier 1 - Top 6,12,2.83,0.038,0.082,0,0,3,0.0
668,Xhaka,SUN,MID,Tier 2 - Mid Upper,10,3.0,0.028,0.088,0,3,2,0.0
668,Xhaka,SUN,MID,Tier 3 - Rest,16,3.75,0.017,0.117,1,3,4,0.5
670,Roefs,SUN,GKP,Tier 1 - Top 6,12,3.67,0.0,0.002,0,0,3,0.25
670,Roefs,SUN,GKP,Tier 2 - Mid Upper,10,3.2,0.0,0.002,0,0,2,0.3
670,Roefs,SUN,GKP,Tier 3 - Rest,16,3.75,0.0,0.004,0,0,5,0.38
672,Hato,CHE,DEF,Tier 1 - Top 6,11,0.82,0.0,0.018,0,0,0,0.0
672,Hato,CHE,DEF,Tier 2 - Mid Upper,11,0.73,0.004,0.005,0,0,0,0.0
672,Hato,CHE,DEF,Tier 3 - Rest,18,0.22,0.014,0.022,0,0,0,0.0
673,J.Palhinha,TOT,MID,Tier 1 - Top 6,10,4.3,0.039,0.006,1,2,1,0.4
673,J.Palhinha,TOT,MID,Tier 2 - Mid Upper,10,3.0,0.034,0.045,1,1,1,0.4
673,J.Palhinha,TOT,MID,Tier 3 - Rest,18,2.94,0.111,0.008,3,0,3,0.5
676,Ugochukwu,BUR,MID,Tier 1 - Top 6,13,1.69,0.006,0.004,0,0,0,0.0
676,Ugochukwu,BUR,MID,Tier 2 - Mid Upper,10,2.6,0.041,0.01,1,1,0,0.1
676,Ugochukwu,BUR,MID,Tier 3 - Rest,17,3.0,0.118,0.015,2,2,3,0.24
679,Hermansen,WHU,GKP,Tier 1 - Top 6,12,0.67,0.0,0.0,0,0,0,0.0
679,Hermansen,WHU,GKP,Tier 2 - Mid Upper,10,1.9,0.0,0.0,0,1,1,0.3
679,Hermansen,WHU,GKP,Tier 3 - Rest,16,3.06,0.0,0.001,0,0,6,0.31
683,Alderete,SUN,DEF,Tier 1 - Top 6,12,2.75,0.012,0.023,0,0,3,0.0
683,Alderete,SUN,DEF,Tier 2 - Mid Upper,10,3.0,0.075,0.021,0,0,2,0.1
683,Alderete,SUN,DEF,Tier 3 - Rest,16,3.88,0.045,0.027,1,1,5,0.25
684,Thiaw,NEW,DEF,Tier 1 - Top 6,12,3.42,0.122,0.023,1,0,1,0.17
684,Thiaw,NEW,DEF,Tier 2 - Mid Upper,8,2.0,0.168,0.018,0,0,1,0.0
684,Thiaw,NEW,DEF,Tier 3 - Rest,18,3.83,0.111,0.031,3,0,3,0.56
686,Ngumoha,LIV,MID,Tier 1 - Top 6,10,1.0,0.03,0.031,0,1,1,0.1
686,Ngumoha,LIV,MID,Tier 2 - Mid Upper,10,1.3,0.062,0.025,1,0,0,0.0
686,Ngumoha,LIV,MID,Tier 3 - Rest,18,1.11,0.023,0.081,1,0,1,0.17
691,Calvert-Lewin,LEE,FWD,Tier 1 - Top 6,12,3.33,0.483,0.042,4,0,0,0.5
691,Calvert-Lewin,LEE,FWD,Tier 2 - Mid Upper,11,3.82,0.363,0.017,4,1,3,0.45
691,Calvert-Lewin,LEE,FWD,Tier 3 - Rest,16,4.25,0.43,0.023,7,1,6,0.56
694,Mukiele,SUN,DEF,Tier 1 - Top 6,12,4.33,0.046,0.085,1,1,3,0.42
694,Mukiele,SUN,DEF,Tier 2 - Mid Upper,10,2.4,0.017,0.036,0,1,2,0.0
694,Mukiele,SUN,DEF,Tier 3 - Rest,15,5.0,0.06,0.085,2,3,4,0.4
706,Justin,LEE,DEF,Tier 1 - Top 6,11,1.82,0.009,0.009,0,0,1,0.0
706,Justin,LEE,DEF,Tier 2 - Mid Upper,11,3.27,0.074,0.014,1,0,3,0.27
706,Justin,LEE,DEF,Tier 3 - Rest,16,3.56,0.093,0.061,2,1,3,0.56
708,M.Fernandes,WHU,MID,Tier 1 - Top 6,11,3.18,0.087,0.072,0,1,0,0.18
708,M.Fernandes,WHU,MID,Tier 2 - Mid Upper,10,4.4,0.062,0.054,1,1,2,0.2
708,M.Fernandes,WHU,MID,Tier 3 - Rest,15,3.73,0.027,0.109,2,2,6,0.2
712,Yeremy,CRY,MID,Tier 1 - Top 6,12,1.67,0.145,0.142,0,1,1,0.0
712,Yeremy,CRY,MID,Tier 2 - Mid Upper,10,1.6,0.083,0.172,0,0,2,0.0
712,Yeremy,CRY,MID,Tier 3 - Rest,16,2.62,0.129,0.169,2,1,4,0.19
714,Woltemade,NEW,FWD,Tier 1 - Top 6,11,3.18,0.21,0.042,3,1,2,0.36
714,Woltemade,NEW,FWD,Tier 2 - Mid Upper,7,2.57,0.11,0.019,1,1,1,0.29
714,Woltemade,NEW,FWD,Tier 3 - Rest,17,3.24,0.206,0.055,4,2,5,0.35
719,Lindelöf,AVL,DEF,Tier 1 - Top 6,12,0.75,0.0,0.002,0,0,0,0.0
719,Lindelöf,AVL,DEF,Tier 2 - Mid Upper,6,0.33,0.0,0.005,0,0,0,0.0
719,Lindelöf,AVL,DEF,Tier 3 - Rest,17,1.06,0.016,0.002,0,1,1,0.0
722,Florentino,BUR,MID,Tier 1 - Top 6,11,2.73,0.035,0.007,0,1,0,0.0
722,Florentino,BUR,MID,Tier 2 - Mid Upper,10,2.3,0.004,0.015,0,0,1,0.0
722,Florentino,BUR,MID,Tier 3 - Rest,16,2.19,0.013,0.019,0,1,1,0.0
723,Canvot,CRY,DEF,Tier 1 - Top 6,12,1.0,0.041,0.008,0,0,0,0.0
723,Canvot,CRY,DEF,Tier 2 - Mid Upper,9,3.33,0.047,0.016,0,0,2,0.44
723,Canvot,CRY,DEF,Tier 3 - Rest,16,2.12,0.055,0.009,0,0,3,0.31
724,Geertruida,SUN,DEF,Tier 1 - Top 6,12,1.92,0.023,0.038,0,0,2,0.0
724,Geertruida,SUN,DEF,Tier 2 - Mid Upper,9,2.0,0.011,0.011,0,0,1,0.0
724,Geertruida,SUN,DEF,Tier 3 - Rest,14,1.0,0.03,0.021,0,0,0,0.0
726,Kolo Muani,TOT,FWD,Tier 1 - Top 6,9,2.44,0.086,0.027,1,1,0,0.11
726,Kolo Muani,TOT,FWD,Tier 2 - Mid Upper,9,1.11,0.061,0.037,0,0,2,0.0
726,Kolo Muani,TOT,FWD,Tier 3 - Rest,17,1.18,0.044,0.062,0,0,2,0.0
728,Röhl,EVE,MID,Tier 1 - Top 6,12,1.0,0.027,0.004,0,1,0,0.0
728,Röhl,EVE,MID,Tier 2 - Mid Upper,9,0.56,0.022,0.014,0,0,1,0.0
728,Röhl,EVE,MID,Tier 3 - Rest,14,1.36,0.011,0.012,1,0,1,0.14
730,Brobbey,SUN,FWD,Tier 1 - Top 6,12,2.83,0.203,0.029,2,2,3,0.25
730,Brobbey,SUN,FWD,Tier 2 - Mid Upper,9,2.56,0.229,0.008,2,0,2,0.44
730,Brobbey,SUN,FWD,Tier 3 - Rest,14,2.5,0.109,0.018,3,0,1,0.36
733,Lammens,MUN,GKP,Tier 1 - Top 6,9,3.33,0.0,0.0,0,0,3,0.33
733,Lammens,MUN,GKP,Tier 2 - Mid Upper,10,2.8,0.0,0.0,0,0,2,0.2
733,Lammens,MUN,GKP,Tier 3 - Rest,16,3.19,0.0,0.0,0,0,3,0.38
736,Donnarumma,MCI,GKP,Tier 1 - Top 6,10,3.7,0.0,0.0,0,0,4,0.0
736,Donnarumma,MCI,GKP,Tier 2 - Mid Upper,10,3.2,0.0,0.0,0,0,3,0.3
736,Donnarumma,MCI,GKP,Tier 3 - Rest,19,4.63,0.0,0.007,0,0,11,0.21
749,Mané,WOL,FWD,Tier 1 - Top 6,11,2.0,0.059,0.078,0,1,2,0.0
749,Mané,WOL,FWD,Tier 2 - Mid Upper,7,1.57,0.067,0.164,0,0,2,0.0
749,Mané,WOL,FWD,Tier 3 - Rest,12,3.75,0.09,0.143,3,1,2,0.75
783,Groß,BHA,MID,Tier 1 - Top 6,8,4.88,0.04,0.189,0,4,2,1.25
783,Groß,BHA,MID,Tier 2 - Mid Upper,4,2.5,0.12,0.175,0,0,1,0.25
783,Groß,BHA,MID,Tier 3 - Rest,9,5.0,0.072,0.25,1,4,4,0.44
791,Taty,WHU,FWD,Tier 1 - Top 6,6,2.5,0.238,0.012,1,0,2,0.17
791,Taty,WHU,FWD,Tier 2 - Mid Upper,4,2.5,0.318,0.1,1,0,1,0.0
791,Taty,WHU,FWD,Tier 3 - Rest,8,4.5,0.381,0.042,4,1,6,0.5
796,Gallagher,TOT,MID,Tier 1 - Top 6,5,2.6,0.116,0.044,0,1,0,0.0
796,Gallagher,TOT,MID,Tier 2 - Mid Upper,3,4.33,0.027,0.037,1,0,0,1.0
796,Gallagher,TOT,MID,Tier 3 - Rest,9,2.0,0.063,0.041,0,0,2,0.0
807,Rayan,BOU,MID,Tier 1 - Top 6,3,2.33,0.253,0.073,0,0,1,0.0
807,Rayan,BOU,MID,Tier 2 - Mid Upper,4,5.75,0.122,0.082,2,1,1,0.5
807,Rayan,BOU,MID,Tier 3 - Rest,10,4.8,0.175,0.156,4,2,4,0.1
814,Netz,NFO,DEF,Tier 1 - Top 6,5,1.0,0.0,0.0,0,0,0,0.0
814,Netz,NFO,DEF,Tier 2 - Mid Upper,4,1.0,0.0,0.008,0,0,0,0.0
814,Netz,NFO,DEF,Tier 3 - Rest,5,0.4,0.0,0.076,0,0,0,0.0
815,Disasi,WHU,DEF,Tier 1 - Top 6,4,1.0,0.0,0.002,0,0,0,0.0
815,Disasi,WHU,DEF,Tier 2 - Mid Upper,4,2.25,0.27,0.002,0,0,1,0.0
815,Disasi,WHU,DEF,Tier 3 - Rest,6,6.0,0.003,0.002,0,0,5,0.17
817,Armstrong,WOL,FWD,Tier 1 - Top 6,5,2.2,0.06,0.074,0,1,1,0.0
817,Armstrong,WOL,FWD,Tier 2 - Mid Upper,3,3.67,0.157,0.017,1,1,1,0.0
817,Armstrong,WOL,FWD,Tier 3 - Rest,8,2.62,0.254,0.056,1,0,2,0.12
