element,web_name,team,position,fdr_level,games_played,avg_pts,avg_xg,avg_xa,avg_minutes,goals,assists,clean_sheets
1,Raya,ARS,GKP,1,2,4.0,0.0,0.005,90.0,0,0,1
1,Raya,ARS,GKP,2,7,4.86,0.0,0.0,90.0,0,0,5
1,Raya,ARS,GKP,3,22,4.05,0.0,0.001,85.9,0,0,10
1,Raya,ARS,GKP,4,8,4.12,0.0,0.005,90.0,0,0,3
5,Gabriel,ARS,DEF,1,2,3.0,0.0,0.02,45.0,0,0,1
5,Gabriel,ARS,DEF,2,7,6.57,0.114,0.109,90.0,0,2,5
5,Gabriel,ARS,DEF,3,22,6.18,0.095,0.047,71.8,3,4,9
5,Gabriel,ARS,DEF,4,8,3.5,0.02,0.01,67.5,0,0,3
6,Saliba,ARS,DEF,1,2,5.0,0.0,0.015,90.0,0,0,1
6,Saliba,ARS,DEF,2,7,4.57,0.0,0.054,77.1,0,0,5
6,Saliba,ARS,DEF,3,22,3.32,0.034,0.024,69.5,1,0,7
6,Saliba,ARS,DEF,4,8,2.5,0.016,0.032,45.5,0,0,2
7,Calafiori,ARS,DEF,1,2,4.0,0.0,0.065,35.5,0,0,1
7,Calafiori,ARS,DEF,2,7,5.57,0.126,0.013,53.4,0,2,5
7,Calafiori,ARS,DEF,3,22,2.05,0.059,0.021,38.9,0,0,6
7,Calafiori,ARS,DEF,4,8,2.38,0.148,0.011,50.9,1,0,1
10,Lewis-Skelly,ARS,DEF,1,2,1.0,0.025,0.015,38.0,0,0,0
10,Lewis-Skelly,ARS,DEF,2,7,1.29,0.0,0.01,18.9,0,0,1
10,Lewis-Skelly,ARS,DEF,3,22,0.73,0.002,0.004,17.7,0,0,1
10,Lewis-Skelly,ARS,DEF,4,8,0.25,0.0,0.002,12.5,0,0,0
16,Saka,ARS,MID,1,2,10.5,0.115,0.355,90.0,0,3,1
16,Saka,ARS,MID,2,7,5.86,0.34,0.313,52.7,4,1,2
16,Saka,ARS,MID,3,22,3.68,0.192,0.125,54.6,3,4,6
16,Saka,ARS,MID,4,8,3.38,0.16,0.206,70.0,1,2,3
20,Trossard,ARS,MID,1,2,2.0,0.055,0.16,61.5,0,0,1
20,Trossard,ARS,MID,2,7,3.71,0.127,0.173,68.4,0,3,4
20,Trossard,ARS,MID,3,22,3.55,0.176,0.085,54.0,5,3,5
20,Trossard,ARS,MID,4,8,1.62,0.112,0.026,36.2,1,0,1
21,Rice,ARS,MID,1,2,3.5,0.07,0.085,90.0,0,0,1
21,Rice,ARS,MID,2,7,7.71,0.089,0.27,84.4,2,2,5
21,Rice,ARS,MID,3,22,4.77,0.089,0.215,77.3,2,7,9
21,Rice,ARS,MID,4,8,3.75,0.059,0.145,89.0,0,1,3
32,Martinez,AVL,GKP,1,2,4.0,0.0,0.0,90.0,0,0,1
32,Martinez,AVL,GKP,2,6,3.5,0.0,0.005,90.0,0,1,1
32,Martinez,AVL,GKP,3,20,3.4,0.0,0.002,69.8,0,0,4
32,Martinez,AVL,GKP,4,8,2.75,0.0,0.001,78.8,0,0,1
32,Martinez,AVL,GKP,5,2,0.5,0.0,0.0,45.0,0,0,0
36,Cash,AVL,DEF,1,2,4.0,0.02,0.03,86.5,0,0,1
36,Cash,AVL,DEF,2,6,2.0,0.015,0.093,87.5,0,0,1
36,Cash,AVL,DEF,3,20,3.25,0.03,0.09,82.4,1,2,5
36,Cash,AVL,DEF,4,8,3.88,0.052,0.065,78.2,2,1,1
36,Cash,AVL,DEF,5,2,0.5,0.0,0.005,22.5,0,0,0
39,Maatsen,AVL,DEF,1,2,0.5,0.0,0.0,0.5,0,0,0
39,Maatsen,AVL,DEF,2,6,1.5,0.04,0.083,42.0,0,1,0
39,Maatsen,AVL,DEF,3,20,1.4,0.037,0.06,45.0,0,0,2
39,Maatsen,AVL,DEF,4,8,1.38,0.032,0.07,43.4,0,0,0
39,Maatsen,AVL,DEF,5,2,2.5,0.01,0.07,45.0,0,0,0
40,Mings,AVL,DEF,1,2,0.0,0.0,0.0,0.0,0,0,0
40,Mings,AVL,DEF,2,6,0.67,0.027,0.047,50.2,0,0,0
40,Mings,AVL,DEF,3,20,1.9,0.039,0.007,41.2,0,1,3
40,Mings,AVL,DEF,4,8,0.5,0.045,0.001,13.2,0,0,0
40,Mings,AVL,DEF,5,2,2.0,0.0,0.0,45.0,0,0,0
47,Rogers,AVL,MID,1,2,4.0,0.16,0.06,90.0,0,1,1
47,Rogers,AVL,MID,2,6,4.33,0.23,0.16,87.7,1,2,1
47,Rogers,AVL,MID,3,20,4.6,0.174,0.078,88.6,6,3,6
47,Rogers,AVL,MID,4,8,5.25,0.191,0.204,90.0,3,2,1
47,Rogers,AVL,MID,5,2,0.5,0.065,0.025,40.5,0,0,0
48,Tielemans,AVL,MID,1,2,1.5,0.035,0.2,37.0,0,0,1
48,Tielemans,AVL,MID,2,6,1.17,0.012,0.037,33.8,0,0,0
48,Tielemans,AVL,MID,3,20,2.05,0.03,0.095,55.2,0,3,3
48,Tielemans,AVL,MID,4,8,1.75,0.049,0.056,47.4,0,1,0
48,Tielemans,AVL,MID,5,2,1.5,0.01,0.145,49.0,0,0,0
55,Barkley,AVL,MID,1,2,1.0,0.08,0.0,9.0,0,0,0
55,Barkley,AVL,MID,2,6,2.67,0.158,0.095,45.5,1,0,1
55,Barkley,AVL,MID,3,20,0.9,0.012,0.027,14.8,1,1,0
55,Barkley,AVL,MID,4,8,1.88,0.029,0.01,21.6,1,0,0
55,Barkley,AVL,MID,5,2,2.5,0.0,0.04,42.5,0,1,0
64,Watkins,AVL,FWD,1,2,1.5,0.13,0.035,51.0,0,0,1
64,Watkins,AVL,FWD,2,6,7.67,0.432,0.03,86.7,5,1,1
64,Watkins,AVL,FWD,3,20,2.45,0.268,0.025,73.4,2,1,6
64,Watkins,AVL,FWD,4,8,6.38,0.542,0.053,70.5,6,2,1
64,Watkins,AVL,FWD,5,2,9.0,1.425,0.005,90.0,3,0,0
67,Petrović,BOU,GKP,1,2,4.0,0.0,0.0,90.0,0,0,1
67,Petrović,BOU,GKP,2,7,3.57,0.0,0.0,90.0,0,0,2
67,Petrović,BOU,GKP,3,20,3.75,0.0,0.0,90.0,0,0,8
67,Petrović,BOU,GKP,4,9,1.56,0.0,0.0,90.0,0,0,0
67,Petrović,BOU,GKP,5,2,2.0,0.0,0.0,90.0,0,0,0
72,Senesi,BOU,DEF,1,2,6.5,0.16,0.28,90.0,0,0,1
72,Senesi,BOU,DEF,2,7,4.71,0.05,0.23,88.1,0,2,2
72,Senesi,BOU,DEF,3,20,5.4,0.031,0.108,84.0,0,5,8
72,Senesi,BOU,DEF,4,9,2.22,0.041,0.067,90.0,0,0,0
72,Senesi,BOU,DEF,5,2,3.5,0.0,0.1,90.0,0,0,0
73,Smith,BOU,DEF,1,2,3.0,0.0,0.005,45.0,0,0,1
73,Smith,BOU,DEF,2,7,2.14,0.0,0.013,22.0,0,0,2
73,Smith,BOU,DEF,3,20,1.2,0.0,0.002,21.2,0,1,2
73,Smith,BOU,DEF,4,9,1.33,0.0,0.011,44.9,0,1,1
73,Smith,BOU,DEF,5,2,0.5,0.0,0.0,0.5,0,0,0
74,Truffert,BOU,DEF,1,2,5.5,0.0,0.035,90.0,0,0,1
74,Truffert,BOU,DEF,2,7,5.57,0.083,0.123,90.0,1,1,2
74,Truffert,BOU,DEF,3,20,5.15,0.054,0.086,89.3,1,2,8
74,Truffert,BOU,DEF,4,9,2.11,0.021,0.064,86.9,0,2,0
74,Truffert,BOU,DEF,5,2,3.0,0.025,0.01,90.0,0,1,0
77,Hill,BOU,DEF,1,2,0.5,0.0,0.0,1.0,0,0,0
77,Hill,BOU,DEF,2,7,4.0,0.057,0.037,72.9,0,0,3
77,Hill,BOU,DEF,3,20,3.35,0.02,0.032,56.9,0,2,5
77,Hill,BOU,DEF,4,9,1.78,0.023,0.033,60.2,0,1,0
77,Hill,BOU,DEF,5,2,1.5,0.0,0.005,45.0,0,0,0
82,Semenyo,MCI,MID,1,2,7.5,0.255,0.035,90.0,2,0,1
82,Semenyo,MCI,MID,2,7,6.86,0.31,0.223,86.3,4,1,3
82,Semenyo,MCI,MID,3,23,5.3,0.27,0.058,81.6,11,4,6
82,Semenyo,MCI,MID,4,9,3.22,0.303,0.073,87.1,1,1,4
83,O.Dango,BRE,MID,1,2,10.0,0.395,0.605,87.0,1,2,0
83,O.Dango,BRE,MID,2,6,2.67,0.093,0.052,56.7,0,2,2
83,O.Dango,BRE,MID,3,19,3.47,0.22,0.097,55.4,4,2,3
83,O.Dango,BRE,MID,4,9,3.44,0.266,0.061,65.8,2,2,1
83,O.Dango,BRE,MID,5,2,1.5,0.01,0.1,56.0,0,0,0
84,Tavernier,BOU,MID,1,2,6.5,0.125,0.14,83.5,1,0,1
84,Tavernier,BOU,MID,2,7,4.14,0.407,0.193,71.1,2,1,2
84,Tavernier,BOU,MID,3,20,3.25,0.212,0.11,68.2,3,2,7
84,Tavernier,BOU,MID,4,9,3.89,0.326,0.143,77.8,2,1,1
84,Tavernier,BOU,MID,5,2,2.0,0.015,0.04,90.0,0,0,0
85,Adams,BOU,MID,1,2,1.0,0.015,0.005,43.5,0,0,1
85,Adams,BOU,MID,2,7,1.43,0.003,0.031,37.0,0,1,0
85,Adams,BOU,MID,3,20,2.55,0.008,0.02,54.6,1,2,6
85,Adams,BOU,MID,4,9,1.11,0.0,0.013,30.4,0,0,0
85,Adams,BOU,MID,5,2,4.5,0.205,0.015,49.5,1,0,0
90,Scott,BOU,MID,1,2,1.5,0.025,0.015,33.0,0,0,1
90,Scott,BOU,MID,2,7,4.43,0.219,0.139,83.6,1,0,2
90,Scott,BOU,MID,3,20,3.25,0.068,0.11,73.6,1,0,8
90,Scott,BOU,MID,4,9,2.78,0.056,0.052,82.6,0,1,0
90,Scott,BOU,MID,5,2,8.5,0.195,0.055,81.0,1,1,0
97,Evanilson,BOU,FWD,1,2,2.0,0.0,0.035,74.5,0,0,2
97,Evanilson,BOU,FWD,2,7,3.29,0.409,0.024,81.6,1,2,2
97,Evanilson,BOU,FWD,3,20,2.65,0.261,0.051,66.4,2,4,6
97,Evanilson,BOU,FWD,4,9,3.89,0.417,0.031,83.9,3,1,1
97,Evanilson,BOU,FWD,5,2,3.0,0.02,0.015,58.5,0,1,0
100,Kroupi.Jr,BOU,FWD,1,2,1.0,0.025,0.005,14.0,0,0,0
100,Kroupi.Jr,BOU,FWD,2,7,3.29,0.256,0.11,64.0,2,0,3
100,Kroupi.Jr,BOU,FWD,3,20,3.1,0.23,0.036,44.7,7,0,6
100,Kroupi.Jr,BOU,FWD,4,9,3.11,0.144,0.024,31.7,4,0,2
100,Kroupi.Jr,BOU,FWD,5,2,4.0,0.455,0.03,72.5,1,0,0
101,Kelleher,BRE,GKP,1,2,1.5,0.0,0.09,90.0,0,0,0
101,Kelleher,BRE,GKP,2,6,7.17,0.0,0.0,75.0,0,0,4
101,Kelleher,BRE,GKP,3,19,2.95,0.0,0.002,90.0,0,0,5
101,Kelleher,BRE,GKP,4,9,4.0,0.0,0.0,90.0,0,0,1
101,Kelleher,BRE,GKP,5,2,2.5,0.0,0.005,90.0,0,0,0
106,Collins,BRE,DEF,1,2,2.0,0.32,0.01,90.0,0,0,0
106,Collins,BRE,DEF,2,6,6.17,0.055,0.013,75.0,0,1,4
106,Collins,BRE,DEF,3,19,3.79,0.056,0.047,82.9,1,1,5
106,Collins,BRE,DEF,4,9,1.56,0.023,0.08,73.3,0,0,0
106,Collins,BRE,DEF,5,2,1.0,0.0,0.0,53.0,0,0,0
107,Lewis-Potter,BRE,DEF,1,2,2.5,0.04,0.12,45.5,0,1,0
107,Lewis-Potter,BRE,DEF,2,6,8.5,0.227,0.152,68.0,2,1,5
107,Lewis-Potter,BRE,DEF,3,19,2.11,0.042,0.046,54.3,0,1,4
107,Lewis-Potter,BRE,DEF,4,9,1.89,0.081,0.051,35.9,1,1,0
107,Lewis-Potter,BRE,DEF,5,2,1.0,0.025,0.01,53.0,0,0,0
110,Kayode,BRE,DEF,1,2,5.0,0.18,0.1,90.0,1,0,0
110,Kayode,BRE,DEF,2,6,4.67,0.0,0.07,88.5,0,0,4
110,Kayode,BRE,DEF,3,19,2.95,0.006,0.088,81.9,0,2,5
110,Kayode,BRE,DEF,4,9,1.89,0.09,0.059,90.0,0,0,1
110,Kayode,BRE,DEF,5,2,1.0,0.0,0.035,90.0,0,0,0
119,Mbeumo,MUN,MID,1,2,5.0,0.33,0.33,45.0,1,0,0
119,Mbeumo,MUN,MID,2,6,3.17,0.302,0.113,61.0,1,1,1
119,Mbeumo,MUN,MID,3,21,3.48,0.273,0.125,72.1,5,2,4
119,Mbeumo,MUN,MID,4,7,4.86,0.42,0.12,69.0,3,0,3
119,Mbeumo,MUN,MID,5,2,6.0,0.415,0.09,79.0,1,0,0
120,Schade,BRE,MID,1,2,2.5,0.0,0.03,70.5,0,0,1
120,Schade,BRE,MID,2,6,3.67,0.392,0.102,70.0,1,1,4
120,Schade,BRE,MID,3,19,3.84,0.377,0.049,73.8,5,3,6
120,Schade,BRE,MID,4,9,2.44,0.259,0.05,70.2,2,1,0
120,Schade,BRE,MID,5,2,1.5,0.115,0.0,74.5,0,0,0
121,Damsgaard,BRE,MID,1,2,3.0,0.115,0.2,80.5,0,0,0
121,Damsgaard,BRE,MID,2,6,6.67,0.23,0.15,59.0,3,2,2
121,Damsgaard,BRE,MID,3,19,2.16,0.041,0.128,49.5,1,1,3
121,Damsgaard,BRE,MID,4,9,2.33,0.026,0.183,54.9,0,1,0
121,Damsgaard,BRE,MID,5,2,2.5,0.0,0.02,48.5,0,0,0
126,Jensen,BRE,MID,1,2,2.0,0.0,0.02,87.0,0,0,0
126,Jensen,BRE,MID,2,6,2.83,0.038,0.365,81.3,0,0,5
126,Jensen,BRE,MID,3,19,2.32,0.071,0.133,50.3,1,2,3
126,Jensen,BRE,MID,4,9,3.0,0.069,0.142,52.3,2,0,1
126,Jensen,BRE,MID,5,2,3.0,0.005,0.015,75.0,0,0,0
129,Yarmoliuk,BRE,MID,1,2,1.0,0.0,0.05,13.5,0,0,0
129,Yarmoliuk,BRE,MID,2,6,3.5,0.068,0.04,73.5,1,0,4
129,Yarmoliuk,BRE,MID,3,19,3.0,0.027,0.051,77.1,0,2,4
129,Yarmoliuk,BRE,MID,4,9,2.33,0.033,0.007,61.2,0,1,0
129,Yarmoliuk,BRE,MID,5,2,1.5,0.0,0.015,84.0,0,0,0
136,Thiago,BRE,FWD,1,2,9.5,1.51,0.01,90.0,3,0,0
136,Thiago,BRE,FWD,2,6,5.0,0.56,0.037,88.5,4,0,4
136,Thiago,BRE,FWD,3,19,5.05,0.466,0.063,87.6,11,1,5
136,Thiago,BRE,FWD,4,9,3.67,0.574,0.043,87.3,4,0,1
136,Thiago,BRE,FWD,5,2,1.5,0.095,0.005,60.0,0,0,0
139,Verbruggen,BHA,GKP,1,2,6.5,0.0,0.0,90.0,0,0,2
139,Verbruggen,BHA,GKP,2,6,5.33,0.0,0.0,90.0,0,0,3
139,Verbruggen,BHA,GKP,3,22,3.36,0.0,0.003,90.0,0,0,6
139,Verbruggen,BHA,GKP,4,8,1.88,0.0,0.0,90.0,0,0,0
139,Verbruggen,BHA,GKP,5,2,2.0,0.0,0.0,90.0,0,0,0
145,De Cuyper,BHA,DEF,1,2,8.0,0.025,0.575,53.5,0,2,1
145,De Cuyper,BHA,DEF,2,6,2.83,0.012,0.145,40.7,0,0,2
145,De Cuyper,BHA,DEF,3,22,2.0,0.038,0.064,34.0,1,2,2
145,De Cuyper,BHA,DEF,4,8,1.25,0.088,0.092,24.8,1,0,0
145,De Cuyper,BHA,DEF,5,2,1.0,0.0,0.005,67.5,0,0,0
146,Dunk,BHA,DEF,1,2,10.0,0.18,0.04,90.0,1,0,2
146,Dunk,BHA,DEF,2,6,1.67,0.027,0.007,60.0,0,0,1
146,Dunk,BHA,DEF,3,22,2.59,0.043,0.013,67.6,0,0,4
146,Dunk,BHA,DEF,4,8,1.25,0.045,0.014,78.8,0,1,0
146,Dunk,BHA,DEF,5,2,1.5,0.0,0.02,90.0,0,0,0
148,F.Kadıoğlu,BHA,DEF,1,2,7.5,0.0,0.26,90.0,0,0,2
148,F.Kadıoğlu,BHA,DEF,2,6,3.5,0.033,0.067,77.2,0,0,3
148,F.Kadıoğlu,BHA,DEF,3,22,3.95,0.079,0.085,84.4,2,2,6
148,F.Kadıoğlu,BHA,DEF,4,8,1.0,0.039,0.044,78.8,0,0,0
148,F.Kadıoğlu,BHA,DEF,5,2,1.5,0.105,0.13,90.0,0,0,0
151,Van Hecke,BHA,DEF,1,2,6.0,0.05,0.01,90.0,0,0,2
151,Van Hecke,BHA,DEF,2,6,5.0,0.062,0.075,75.0,1,1,2
151,Van Hecke,BHA,DEF,3,22,4.23,0.12,0.035,85.9,2,3,6
151,Van Hecke,BHA,DEF,4,8,2.38,0.046,0.049,86.2,0,0,1
151,Van Hecke,BHA,DEF,5,2,3.0,0.005,0.005,90.0,0,0,0
160,Minteh,BHA,MID,1,2,4.5,0.11,0.055,45.0,1,0,1
160,Minteh,BHA,MID,2,6,3.83,0.078,0.103,77.5,0,2,5
160,Minteh,BHA,MID,3,22,3.09,0.094,0.155,64.6,2,4,6
160,Minteh,BHA,MID,4,8,2.5,0.125,0.15,66.8,0,2,0
160,Minteh,BHA,MID,5,2,0.5,0.04,0.05,22.5,0,0,0
163,Hinshelwood,BHA,MID,1,2,4.0,0.12,0.015,43.5,1,0,1
163,Hinshelwood,BHA,MID,2,6,1.17,0.075,0.067,29.0,0,0,2
163,Hinshelwood,BHA,MID,3,22,3.0,0.217,0.04,46.4,4,4,5
163,Hinshelwood,BHA,MID,4,8,1.62,0.058,0.115,56.8,0,1,0
163,Hinshelwood,BHA,MID,5,2,3.5,0.04,0.085,82.0,0,0,0
167,Baleba,BHA,MID,1,2,2.5,0.045,0.005,37.5,0,0,1
167,Baleba,BHA,MID,2,6,1.33,0.005,0.005,46.2,0,0,2
167,Baleba,BHA,MID,3,22,1.68,0.015,0.043,45.2,0,0,5
167,Baleba,BHA,MID,4,8,1.12,0.042,0.009,48.6,0,0,0
167,Baleba,BHA,MID,5,2,0.0,0.0,0.0,0.0,0,0,0
178,Welbeck,BHA,FWD,1,2,1.5,0.13,0.005,47.0,0,0,1
178,Welbeck,BHA,FWD,2,6,2.0,0.342,0.015,59.3,1,0,2
178,Welbeck,BHA,FWD,3,22,3.68,0.383,0.043,65.0,8,1,6
178,Welbeck,BHA,FWD,4,8,4.5,0.26,0.045,52.8,5,0,1
178,Welbeck,BHA,FWD,5,2,1.0,0.0,0.005,14.0,0,0,0
183,Weiss,BUR,GKP,2,5,0.0,0.0,0.0,0.0,0,0,0
183,Weiss,BUR,GKP,3,22,0.09,0.0,0.0,4.1,0,0,0
183,Weiss,BUR,GKP,4,10,0.0,0.0,0.0,0.0,0,0,0
183,Weiss,BUR,GKP,5,2,1.0,0.0,0.0,45.0,0,0,0
187,Walker,BUR,DEF,2,5,4.8,0.0,0.042,72.0,0,1,2
187,Walker,BUR,DEF,3,22,1.59,0.002,0.037,81.4,0,1,2
187,Walker,BUR,DEF,4,10,0.9,0.008,0.024,85.5,0,0,0
187,Walker,BUR,DEF,5,2,0.5,0.015,0.015,90.0,0,0,0
191,Estève,BUR,DEF,2,5,3.4,0.044,0.006,88.4,0,0,2
191,Estève,BUR,DEF,3,22,2.45,0.015,0.012,77.6,0,0,1
191,Estève,BUR,DEF,4,10,2.0,0.022,0.03,79.3,0,0,0
191,Estève,BUR,DEF,5,2,0.0,0.01,0.0,85.5,0,0,0
195,Lucas Pires,BUR,DEF,2,5,0.2,0.0,0.044,18.0,0,0,0
195,Lucas Pires,BUR,DEF,3,22,0.64,0.01,0.044,37.3,0,0,1
195,Lucas Pires,BUR,DEF,4,10,0.7,0.012,0.008,31.5,0,0,0
195,Lucas Pires,BUR,DEF,5,2,0.5,0.0,0.07,45.0,0,0,0
198,Tuanzebe,BUR,DEF,2,5,2.0,0.0,0.016,51.2,0,0,1
198,Tuanzebe,BUR,DEF,3,22,0.55,0.028,0.0,22.5,1,0,0
198,Tuanzebe,BUR,DEF,4,10,0.8,0.0,0.002,27.0,0,0,0
198,Tuanzebe,BUR,DEF,5,2,1.0,0.0,0.0,45.0,0,0,0
200,Anthony,BUR,MID,2,5,4.0,0.192,0.014,65.2,1,1,2
200,Anthony,BUR,MID,3,22,3.32,0.14,0.109,70.4,4,3,1
200,Anthony,BUR,MID,4,10,2.8,0.098,0.031,75.0,2,0,1
200,Anthony,BUR,MID,5,2,4.0,0.06,0.05,88.5,1,0,0
207,Hannibal,BUR,MID,2,5,2.2,0.008,0.128,36.0,0,1,1
207,Hannibal,BUR,MID,3,22,1.77,0.018,0.048,29.5,1,4,1
207,Hannibal,BUR,MID,4,10,0.6,0.02,0.007,25.3,0,0,0
207,Hannibal,BUR,MID,5,2,1.0,0.055,0.005,35.5,0,0,0
210,Tchaouna,BUR,MID,2,5,1.6,0.022,0.008,12.4,1,0,0
210,Tchaouna,BUR,MID,3,22,1.41,0.039,0.03,35.2,1,0,1
210,Tchaouna,BUR,MID,4,10,1.4,0.022,0.016,28.5,0,1,1
210,Tchaouna,BUR,MID,5,2,2.0,0.035,0.01,71.0,0,0,0
215,Flemming,BUR,FWD,2,5,3.8,0.278,0.01,52.8,2,0,1
215,Flemming,BUR,FWD,3,22,2.68,0.286,0.013,52.4,7,0,2
215,Flemming,BUR,FWD,4,10,2.0,0.058,0.004,33.7,2,0,0
215,Flemming,BUR,FWD,5,2,0.5,0.0,0.015,45.0,0,0,0
220,Sánchez,CHE,GKP,1,2,4.0,0.0,0.0,90.0,0,0,1
220,Sánchez,CHE,GKP,2,6,3.0,0.0,0.003,90.0,0,0,2
220,Sánchez,CHE,GKP,3,20,3.85,0.0,0.0,88.8,0,1,6
220,Sánchez,CHE,GKP,4,10,1.2,0.0,0.001,63.4,0,0,0
220,Sánchez,CHE,GKP,5,2,1.0,0.0,0.0,45.0,0,0,0
224,Cucurella,CHE,DEF,1,2,3.0,0.025,0.025,45.0,0,0,1
224,Cucurella,CHE,DEF,2,6,4.17,0.188,0.123,75.0,1,1,2
224,Cucurella,CHE,DEF,3,20,3.0,0.027,0.068,77.6,0,2,6
224,Cucurella,CHE,DEF,4,10,1.6,0.062,0.114,79.4,0,1,0
224,Cucurella,CHE,DEF,5,2,0.0,0.0,0.0,0.0,0,0,0
228,Gusto,CHE,DEF,1,2,10.5,0.31,0.12,77.5,1,0,2
228,Gusto,CHE,DEF,2,6,1.67,0.06,0.072,59.5,0,0,1
228,Gusto,CHE,DEF,3,20,2.15,0.028,0.066,50.6,1,1,4
228,Gusto,CHE,DEF,4,10,2.2,0.002,0.136,79.7,0,2,0
228,Gusto,CHE,DEF,5,2,1.5,0.0,0.005,52.5,0,0,0
230,Fofana,CHE,DEF,1,2,2.5,0.065,0.025,80.5,0,0,1
230,Fofana,CHE,DEF,2,6,1.17,0.0,0.075,24.3,0,1,0
230,Fofana,CHE,DEF,3,20,1.8,0.005,0.004,43.8,0,0,3
230,Fofana,CHE,DEF,4,10,1.9,0.061,0.004,66.1,0,1,0
230,Fofana,CHE,DEF,5,2,0.0,0.0,0.0,0.0,0,0,0
235,Palmer,CHE,MID,1,2,1.5,0.2,0.11,37.0,0,0,1
235,Palmer,CHE,MID,2,6,5.67,0.688,0.097,40.0,4,1,0
235,Palmer,CHE,MID,3,20,2.8,0.254,0.053,54.6,5,1,2
235,Palmer,CHE,MID,4,10,2.0,0.111,0.062,46.4,1,0,0
235,Palmer,CHE,MID,5,2,1.5,0.08,0.025,87.5,0,0,0
237,Enzo,CHE,MID,1,2,2.5,0.16,0.275,86.0,0,0,1
237,Enzo,CHE,MID,2,6,6.17,0.457,0.315,90.0,3,1,2
237,Enzo,CHE,MID,3,20,4.1,0.306,0.17,80.6,5,3,5
237,Enzo,CHE,MID,4,10,2.5,0.153,0.147,79.2,1,1,0
237,Enzo,CHE,MID,5,2,6.0,0.455,0.185,87.5,1,0,0
241,Caicedo,CHE,MID,1,2,2.0,0.035,0.06,90.0,0,0,1
241,Caicedo,CHE,MID,2,6,2.5,0.042,0.157,75.0,0,0,1
241,Caicedo,CHE,MID,3,20,3.3,0.044,0.048,70.9,2,1,4
241,Caicedo,CHE,MID,4,10,2.5,0.028,0.037,83.8,1,0,0
241,Caicedo,CHE,MID,5,2,2.0,0.025,0.01,45.0,0,0,0
242,Dewsbury-Hall,EVE,MID,1,2,4.5,0.3,0.015,45.0,1,0,1
242,Dewsbury-Hall,EVE,MID,2,6,4.17,0.055,0.248,67.2,1,2,1
242,Dewsbury-Hall,EVE,MID,3,19,4.42,0.134,0.156,74.8,5,4,5
242,Dewsbury-Hall,EVE,MID,4,9,3.22,0.089,0.091,60.0,1,1,1
242,Dewsbury-Hall,EVE,MID,5,2,2.0,0.04,0.02,87.5,0,0,0
249,João Pedro,CHE,FWD,1,2,7.0,0.815,0.08,80.5,2,0,2
249,João Pedro,CHE,FWD,2,6,6.67,0.408,0.072,76.3,3,4,2
249,João Pedro,CHE,FWD,3,20,4.55,0.356,0.06,70.8,7,4,6
249,João Pedro,CHE,FWD,4,10,2.8,0.314,0.009,47.2,3,1,0
249,João Pedro,CHE,FWD,5,2,2.0,0.285,0.04,75.5,0,0,0
253,Henderson,CRY,GKP,1,2,8.5,0.0,0.005,90.0,0,0,1
253,Henderson,CRY,GKP,2,6,4.83,0.0,0.0,75.0,0,0,4
253,Henderson,CRY,GKP,3,20,2.55,0.0,0.004,90.0,0,0,3
253,Henderson,CRY,GKP,4,9,3.56,0.0,0.001,90.0,0,0,3
253,Henderson,CRY,GKP,5,3,1.67,0.0,0.003,90.0,0,0,0
256,Muñoz,CRY,DEF,1,2,5.0,0.055,0.455,80.5,0,0,1
256,Muñoz,CRY,DEF,2,6,6.67,0.167,0.072,60.0,2,0,4
256,Muñoz,CRY,DEF,3,20,2.7,0.04,0.096,55.7,1,4,2
256,Muñoz,CRY,DEF,4,9,3.33,0.061,0.073,75.0,1,0,3
256,Muñoz,CRY,DEF,5,3,1.67,0.0,0.173,87.0,0,0,0
257,Lacroix,CRY,DEF,1,2,1.5,0.105,0.005,45.0,0,0,0
257,Lacroix,CRY,DEF,2,6,7.83,0.103,0.007,90.0,0,1,5
257,Lacroix,CRY,DEF,3,20,2.8,0.051,0.024,84.0,0,0,3
257,Lacroix,CRY,DEF,4,9,4.89,0.066,0.032,76.1,1,1,3
257,Lacroix,CRY,DEF,5,3,2.67,0.03,0.007,90.0,0,0,0
258,Mitchell,CRY,DEF,1,2,6.0,0.095,0.085,90.0,0,1,1
258,Mitchell,CRY,DEF,2,6,5.83,0.01,0.07,90.0,0,0,5
258,Mitchell,CRY,DEF,3,20,2.85,0.066,0.084,86.4,1,2,3
258,Mitchell,CRY,DEF,4,9,3.22,0.001,0.026,79.3,0,0,3
258,Mitchell,CRY,DEF,5,3,2.67,0.07,0.027,90.0,0,1,0
260,Guéhi,MCI,DEF,1,2,6.5,0.035,0.12,90.0,0,1,1
260,Guéhi,MCI,DEF,2,7,4.29,0.036,0.033,90.0,1,0,3
260,Guéhi,MCI,DEF,3,23,4.39,0.137,0.083,86.1,0,3,9
260,Guéhi,MCI,DEF,4,9,5.67,0.063,0.019,70.0,2,0,4
266,Eze,ARS,MID,1,2,2.0,0.205,0.035,64.0,0,0,1
266,Eze,ARS,MID,2,7,2.14,0.154,0.024,45.6,0,1,3
266,Eze,ARS,MID,3,22,3.59,0.156,0.074,47.1,7,1,5
266,Eze,ARS,MID,4,8,1.88,0.048,0.079,49.8,0,1,2
270,Hughes,CRY,MID,1,2,0.5,0.02,0.03,31.5,0,0,0
270,Hughes,CRY,MID,2,6,1.17,0.017,0.052,46.3,0,0,1
270,Hughes,CRY,MID,3,20,1.2,0.04,0.052,40.6,0,1,1
270,Hughes,CRY,MID,4,9,1.33,0.018,0.056,43.3,0,0,3
270,Hughes,CRY,MID,5,3,0.67,0.0,0.083,25.0,0,0,0
272,Lerma,CRY,MID,1,2,0.5,0.0,0.04,22.5,0,1,0
272,Lerma,CRY,MID,2,6,2.83,0.042,0.042,72.8,0,0,4
272,Lerma,CRY,MID,3,20,1.9,0.059,0.043,49.2,0,4,2
272,Lerma,CRY,MID,4,9,1.33,0.046,0.031,28.3,0,0,1
272,Lerma,CRY,MID,5,3,1.33,0.01,0.007,33.7,0,0,0
287,Pickford,EVE,GKP,1,2,4.5,0.0,0.005,90.0,0,0,1
287,Pickford,EVE,GKP,2,6,3.33,0.0,0.003,90.0,0,0,2
287,Pickford,EVE,GKP,3,19,3.79,0.0,0.005,90.0,0,0,6
287,Pickford,EVE,GKP,4,9,3.33,0.0,0.006,90.0,0,0,2
287,Pickford,EVE,GKP,5,2,2.0,0.0,0.01,90.0,0,0,0
291,Tarkowski,EVE,DEF,1,2,9.5,0.065,0.01,90.0,1,0,1
291,Tarkowski,EVE,DEF,2,6,4.0,0.038,0.023,90.0,0,0,2
291,Tarkowski,EVE,DEF,3,19,5.11,0.085,0.082,90.0,1,3,6
291,Tarkowski,EVE,DEF,4,9,3.0,0.061,0.042,90.0,0,0,2
291,Tarkowski,EVE,DEF,5,2,1.5,0.0,0.0,45.0,0,0,0
292,Mykolenko,EVE,DEF,1,2,4.0,0.065,0.025,90.0,0,0,1
292,Mykolenko,EVE,DEF,2,6,2.83,0.002,0.095,90.0,0,0,2
292,Mykolenko,EVE,DEF,3,19,2.42,0.006,0.075,75.5,0,1,4
292,Mykolenko,EVE,DEF,4,9,2.44,0.003,0.037,69.4,0,0,2
292,Mykolenko,EVE,DEF,5,2,1.0,0.0,0.045,90.0,0,0,0
293,O'Brien,EVE,DEF,1,2,4.0,0.0,0.055,90.0,0,0,1
293,O'Brien,EVE,DEF,2,6,2.33,0.115,0.01,74.7,0,0,1
293,O'Brien,EVE,DEF,3,19,3.11,0.038,0.031,84.2,0,2,6
293,O'Brien,EVE,DEF,4,9,3.44,0.028,0.027,78.9,1,1,2
293,O'Brien,EVE,DEF,5,2,2.0,0.0,0.0,90.0,0,0,0
295,Keane,EVE,DEF,1,2,3.0,0.215,0.0,44.5,1,0,0
295,Keane,EVE,DEF,2,6,7.17,0.035,0.007,75.0,2,1,2
295,Keane,EVE,DEF,3,19,2.95,0.068,0.021,65.1,0,0,4
295,Keane,EVE,DEF,4,9,2.44,0.033,0.004,70.3,0,0,1
295,Keane,EVE,DEF,5,2,2.0,0.03,0.01,90.0,0,0,0
299,Ndiaye,EVE,MID,1,2,3.0,0.02,0.21,45.0,0,1,1
299,Ndiaye,EVE,MID,2,6,2.67,0.157,0.127,73.3,1,0,1
299,Ndiaye,EVE,MID,3,19,4.16,0.213,0.125,76.9,5,1,5
299,Ndiaye,EVE,MID,4,9,2.33,0.129,0.031,68.3,0,1,1
299,Ndiaye,EVE,MID,5,2,3.0,0.245,0.29,87.5,0,0,0
303,Garner,EVE,MID,1,2,8.0,0.04,0.275,90.0,0,1,1
303,Garner,EVE,MID,2,6,3.67,0.092,0.133,90.0,0,1,2
303,Garner,EVE,MID,3,19,4.11,0.064,0.211,90.0,2,3,6
303,Garner,EVE,MID,4,9,4.0,0.016,0.09,89.2,0,2,2
303,Garner,EVE,MID,5,2,3.5,0.06,0.01,90.0,0,0,0
304,Iroegbunam,EVE,MID,1,2,4.0,0.06,0.01,46.5,0,1,0
304,Iroegbunam,EVE,MID,2,6,1.83,0.005,0.085,40.3,0,1,2
304,Iroegbunam,EVE,MID,3,19,1.84,0.019,0.006,39.7,0,1,5
304,Iroegbunam,EVE,MID,4,9,1.11,0.002,0.003,31.4,0,0,0
304,Iroegbunam,EVE,MID,5,2,2.0,0.0,0.015,52.5,0,0,1
311,Beto,EVE,FWD,1,2,1.5,0.14,0.0,42.5,0,0,1
311,Beto,EVE,FWD,2,6,2.5,0.243,0.017,49.3,1,0,1
311,Beto,EVE,FWD,3,19,3.11,0.262,0.006,40.8,6,1,2
311,Beto,EVE,FWD,4,9,2.56,0.163,0.0,28.1,2,0,0
311,Beto,EVE,FWD,5,2,2.0,0.355,0.005,71.0,0,0,1
314,Leno,FUL,GKP,1,2,5.0,0.0,0.0,90.0,0,0,1
314,Leno,FUL,GKP,2,5,4.2,0.0,0.0,90.0,0,0,2
314,Leno,FUL,GKP,3,20,3.5,0.0,0.001,90.0,0,0,6
314,Leno,FUL,GKP,4,9,1.89,0.0,0.0,90.0,0,0,0
314,Leno,FUL,GKP,5,2,2.0,0.0,0.0,90.0,0,0,0
316,Robinson,FUL,DEF,1,2,0.5,0.0,0.005,30.0,0,0,0
316,Robinson,FUL,DEF,2,5,3.2,0.196,0.06,54.0,1,0,0
316,Robinson,FUL,DEF,3,20,1.95,0.004,0.054,38.9,0,0,4
316,Robinson,FUL,DEF,4,9,0.89,0.0,0.02,32.1,0,0,0
316,Robinson,FUL,DEF,5,2,0.5,0.01,0.005,45.0,0,0,0
318,Bassey,FUL,DEF,1,2,4.0,0.0,0.015,90.0,0,0,1
318,Bassey,FUL,DEF,2,5,6.0,0.148,0.022,90.0,1,0,2
318,Bassey,FUL,DEF,3,20,2.6,0.04,0.007,58.5,0,1,4
318,Bassey,FUL,DEF,4,9,1.22,0.017,0.004,61.3,0,0,0
318,Bassey,FUL,DEF,5,2,1.0,0.015,0.015,90.0,0,0,0
319,Castagne,FUL,DEF,1,2,1.0,0.045,0.08,45.0,0,0,0
319,Castagne,FUL,DEF,2,5,1.6,0.042,0.03,20.0,0,1,0
319,Castagne,FUL,DEF,3,20,1.8,0.032,0.035,46.8,0,0,3
319,Castagne,FUL,DEF,4,9,1.56,0.044,0.05,69.0,0,1,0
319,Castagne,FUL,DEF,5,2,0.5,0.075,0.005,45.0,0,0,0
325,Smith Rowe,FUL,MID,1,2,1.0,0.065,0.04,13.0,0,0,0
325,Smith Rowe,FUL,MID,2,5,2.6,0.216,0.04,50.2,1,0,0
325,Smith Rowe,FUL,MID,3,20,2.0,0.108,0.033,56.4,0,1,6
325,Smith Rowe,FUL,MID,4,9,2.44,0.136,0.016,40.8,2,0,0
325,Smith Rowe,FUL,MID,5,2,1.5,0.055,0.02,68.0,0,0,0
332,Lukić,FUL,MID,1,2,0.0,0.0,0.0,0.0,0,0,0
332,Lukić,FUL,MID,2,5,2.4,0.1,0.02,38.2,0,1,1
332,Lukić,FUL,MID,3,20,2.0,0.075,0.048,45.4,1,2,5
332,Lukić,FUL,MID,4,9,1.56,0.026,0.092,60.0,0,1,0
332,Lukić,FUL,MID,5,2,0.5,0.0,0.005,45.0,0,0,0
338,Muniz,FUL,FWD,1,2,1.5,0.31,0.005,49.5,0,0,0
338,Muniz,FUL,FWD,2,5,1.0,0.074,0.006,35.8,0,0,1
338,Muniz,FUL,FWD,3,20,0.8,0.072,0.002,21.6,0,1,2
338,Muniz,FUL,FWD,4,9,1.11,0.092,0.007,25.7,1,0,0
338,Muniz,FUL,FWD,5,2,1.0,0.02,0.0,23.5,0,0,0
341,Darlow,LEE,GKP,1,3,3.33,0.0,0.003,90.0,0,0,1
341,Darlow,LEE,GKP,2,5,2.4,0.0,0.0,72.0,0,0,1
341,Darlow,LEE,GKP,3,21,2.19,0.0,0.001,51.4,0,0,4
341,Darlow,LEE,GKP,4,9,1.22,0.0,0.002,50.0,0,0,0
341,Darlow,LEE,GKP,5,2,0.0,0.0,0.0,0.0,0,0,0
343,Struijk,LEE,DEF,1,3,3.67,0.073,0.007,90.0,0,0,1
343,Struijk,LEE,DEF,2,5,2.4,0.076,0.016,72.0,0,0,1
343,Struijk,LEE,DEF,3,21,3.24,0.096,0.025,79.8,0,0,5
343,Struijk,LEE,DEF,4,9,2.67,0.044,0.014,70.0,0,1,1
343,Struijk,LEE,DEF,5,2,1.5,0.105,0.0,90.0,0,0,0
344,Bijol,LEE,DEF,1,3,5.0,0.02,0.003,81.0,0,1,1
344,Bijol,LEE,DEF,2,5,1.0,0.046,0.014,19.2,0,0,0
344,Bijol,LEE,DEF,3,21,3.19,0.021,0.028,52.1,1,2,4
344,Bijol,LEE,DEF,4,9,2.33,0.012,0.01,62.4,0,0,1
344,Bijol,LEE,DEF,5,2,0.5,0.06,0.0,22.5,0,0,0
348,Rodon,LEE,DEF,1,3,0.67,0.047,0.03,45.3,0,0,0
348,Rodon,LEE,DEF,2,5,4.8,0.052,0.012,90.0,1,0,1
348,Rodon,LEE,DEF,3,21,3.29,0.037,0.02,80.8,1,0,5
348,Rodon,LEE,DEF,4,9,1.44,0.027,0.006,59.6,0,0,0
348,Rodon,LEE,DEF,5,2,1.0,0.0,0.005,90.0,0,0,0
350,Aaronson,LEE,MID,1,3,2.67,0.01,0.033,59.3,0,1,1
350,Aaronson,LEE,MID,2,5,4.0,0.258,0.164,80.8,1,0,2
350,Aaronson,LEE,MID,3,21,3.48,0.106,0.106,64.3,2,6,5
350,Aaronson,LEE,MID,4,9,3.33,0.112,0.057,72.3,1,2,2
350,Aaronson,LEE,MID,5,2,1.0,0.0,0.02,12.5,0,0,0
354,Ampadu,LEE,MID,1,3,4.33,0.2,0.02,90.0,0,1,1
354,Ampadu,LEE,MID,2,5,3.8,0.084,0.112,88.0,0,1,1
354,Ampadu,LEE,MID,3,21,4.1,0.055,0.062,84.9,1,2,6
354,Ampadu,LEE,MID,4,9,2.89,0.072,0.033,79.6,0,1,1
354,Ampadu,LEE,MID,5,2,1.0,0.075,0.01,45.0,0,0,0
358,Tanaka,LEE,MID,1,3,3.67,0.047,0.07,83.0,0,1,1
358,Tanaka,LEE,MID,2,5,1.2,0.014,0.01,19.2,0,0,1
358,Tanaka,LEE,MID,3,21,1.81,0.03,0.025,39.2,1,0,2
358,Tanaka,LEE,MID,4,9,1.33,0.069,0.058,18.8,1,0,0
358,Tanaka,LEE,MID,5,2,2.5,0.0,0.13,73.5,0,0,0
373,Virgil,LIV,DEF,1,2,2.0,0.0,0.09,90.0,0,0,0
373,Virgil,LIV,DEF,2,6,5.83,0.167,0.087,90.0,1,0,3
373,Virgil,LIV,DEF,3,21,4.71,0.101,0.029,90.0,3,1,5
373,Virgil,LIV,DEF,4,7,4.29,0.093,0.016,90.0,2,0,1
373,Virgil,LIV,DEF,5,2,3.5,0.0,0.015,90.0,0,0,1
374,Konaté,LIV,DEF,1,2,2.0,0.0,0.06,90.0,0,0,0
374,Konaté,LIV,DEF,2,6,4.83,0.085,0.055,87.3,0,0,3
374,Konaté,LIV,DEF,3,21,3.62,0.032,0.012,78.1,1,0,5
374,Konaté,LIV,DEF,4,7,1.71,0.001,0.036,80.7,0,0,1
374,Konaté,LIV,DEF,5,2,4.0,0.0,0.01,90.0,0,0,1
384,Gakpo,LIV,MID,1,2,1.5,0.14,0.205,40.5,0,0,0
384,Gakpo,LIV,MID,2,6,3.33,0.23,0.09,67.2,1,1,3
384,Gakpo,LIV,MID,3,21,3.57,0.153,0.137,72.4,3,4,5
384,Gakpo,LIV,MID,4,7,4.14,0.461,0.117,86.7,3,0,1
384,Gakpo,LIV,MID,5,2,2.0,0.12,0.015,62.0,0,0,1
386,Mac Allister,LIV,MID,1,2,1.5,0.185,0.105,51.0,0,0,0
386,Mac Allister,LIV,MID,2,6,2.67,0.093,0.037,57.3,1,0,0
386,Mac Allister,LIV,MID,3,21,3.33,0.12,0.042,70.4,1,5,5
386,Mac Allister,LIV,MID,4,7,2.29,0.063,0.047,80.9,0,0,1
386,Mac Allister,LIV,MID,5,2,1.5,0.0,0.02,81.5,0,0,1
387,Szoboszlai,LIV,MID,1,2,0.0,0.47,0.19,45.0,0,0,0
387,Szoboszlai,LIV,MID,2,6,3.67,0.075,0.168,90.0,0,1,3
387,Szoboszlai,LIV,MID,3,21,3.95,0.105,0.198,85.3,3,3,4
387,Szoboszlai,LIV,MID,4,7,7.29,0.131,0.177,90.0,3,3,1
387,Szoboszlai,LIV,MID,5,2,2.0,0.125,0.02,90.0,0,0,1
388,C.Jones,LIV,MID,1,2,5.0,0.12,0.115,88.0,0,1,0
388,C.Jones,LIV,MID,2,6,1.0,0.018,0.048,30.0,0,0,1
388,C.Jones,LIV,MID,3,21,2.33,0.07,0.074,56.8,1,1,2
388,C.Jones,LIV,MID,4,7,2.29,0.057,0.097,51.1,0,1,0
388,C.Jones,LIV,MID,5,2,0.0,0.0,0.005,8.0,0,0,0
390,Gravenberch,LIV,MID,1,2,6.5,0.21,0.12,83.5,1,0,0
390,Gravenberch,LIV,MID,2,6,3.17,0.043,0.063,74.2,0,1,2
390,Gravenberch,LIV,MID,3,21,4.24,0.049,0.06,77.3,4,3,5
390,Gravenberch,LIV,MID,4,7,2.57,0.023,0.021,82.3,0,1,1
390,Gravenberch,LIV,MID,5,2,2.5,0.01,0.11,90.0,0,0,1
406,Khusanov,MCI,DEF,1,2,3.0,0.0,0.01,45.0,0,0,1
406,Khusanov,MCI,DEF,2,7,2.57,0.016,0.031,34.4,0,0,1
406,Khusanov,MCI,DEF,3,23,1.04,0.01,0.04,31.6,0,0,2
406,Khusanov,MCI,DEF,4,9,4.33,0.049,0.032,66.0,0,0,4
407,Matheus N.,MCI,DEF,1,2,11.5,0.09,0.095,90.0,1,2,1
407,Matheus N.,MCI,DEF,2,7,4.71,0.0,0.071,76.1,0,3,3
407,Matheus N.,MCI,DEF,3,23,3.26,0.006,0.056,78.5,0,1,7
407,Matheus N.,MCI,DEF,4,9,4.33,0.003,0.047,69.3,0,3,3
414,Foden,MCI,MID,1,2,1.0,0.0,0.11,59.5,0,0,0
414,Foden,MCI,MID,2,7,5.14,0.271,0.097,46.1,3,2,3
414,Foden,MCI,MID,3,23,3.7,0.181,0.171,58.7,3,5,6
414,Foden,MCI,MID,4,9,2.11,0.071,0.058,37.1,1,0,2
415,Savinho,MCI,MID,1,2,1.0,0.015,0.03,30.5,0,0,0
415,Savinho,MCI,MID,2,7,0.57,0.06,0.019,8.3,0,0,0
415,Savinho,MCI,MID,3,23,1.83,0.105,0.06,27.8,2,2,4
415,Savinho,MCI,MID,4,9,0.67,0.028,0.02,19.3,0,0,0
416,Bernardo,MCI,MID,1,2,3.5,0.0,0.03,48.5,0,1,1
416,Bernardo,MCI,MID,2,7,2.43,0.066,0.131,78.1,0,0,4
416,Bernardo,MCI,MID,3,23,2.48,0.064,0.079,75.9,1,1,7
416,Bernardo,MCI,MID,4,9,3.78,0.147,0.183,81.9,1,2,4
437,Martinez,MUN,DEF,1,2,1.0,0.0,0.015,45.0,0,0,0
437,Martinez,MUN,DEF,2,6,0.17,0.002,0.053,43.0,0,0,0
437,Martinez,MUN,DEF,3,21,1.62,0.005,0.009,27.0,0,0,3
437,Martinez,MUN,DEF,4,7,2.14,0.003,0.007,32.1,0,0,2
437,Martinez,MUN,DEF,5,2,-0.5,0.005,0.005,45.0,0,0,0
442,Maguire,MUN,DEF,1,2,0.0,0.0,0.0,0.0,0,0,0
442,Maguire,MUN,DEF,2,6,0.5,0.042,0.0,15.8,0,0,0
442,Maguire,MUN,DEF,3,21,2.76,0.023,0.019,50.8,0,2,5
442,Maguire,MUN,DEF,4,7,3.57,0.056,0.014,52.9,1,0,2
442,Maguire,MUN,DEF,5,2,2.0,0.0,0.0,59.0,0,0,0
443,Shaw,MUN,DEF,1,2,1.5,0.0,0.09,90.0,0,0,0
443,Shaw,MUN,DEF,2,6,1.83,0.005,0.05,89.5,0,0,1
443,Shaw,MUN,DEF,3,21,3.14,0.031,0.054,81.9,1,1,6
443,Shaw,MUN,DEF,4,7,4.43,0.004,0.044,86.3,0,0,3
443,Shaw,MUN,DEF,5,2,1.0,0.0,0.025,90.0,0,0,0
449,B.Fernandes,MUN,MID,1,2,5.0,0.46,0.125,45.0,1,0,0
449,B.Fernandes,MUN,MID,2,6,7.67,0.327,0.5,85.0,2,5,1
449,B.Fernandes,MUN,MID,3,21,6.0,0.326,0.305,81.2,5,13,3
449,B.Fernandes,MUN,MID,4,7,6.57,0.096,0.324,82.7,1,5,3
449,B.Fernandes,MUN,MID,5,2,3.5,0.195,0.175,90.0,0,1,0
450,Cunha,MUN,MID,1,2,1.5,0.07,0.085,60.0,0,0,0
450,Cunha,MUN,MID,2,6,3.5,0.35,0.092,71.2,1,1,2
450,Cunha,MUN,MID,3,21,3.76,0.152,0.094,70.0,5,2,5
450,Cunha,MUN,MID,4,7,4.43,0.206,0.094,65.0,3,1,1
450,Cunha,MUN,MID,5,2,4.5,0.015,0.005,10.5,1,0,0
452,Amad,MUN,MID,1,2,2.5,0.315,0.03,45.0,0,1,0
452,Amad,MUN,MID,2,6,2.5,0.16,0.198,71.5,0,1,1
452,Amad,MUN,MID,3,21,2.43,0.161,0.088,62.6,2,1,3
452,Amad,MUN,MID,4,7,2.29,0.06,0.154,46.9,0,2,2
452,Amad,MUN,MID,5,2,2.0,0.035,0.285,88.5,0,0,0
458,Mainoo,MUN,MID,1,2,0.5,0.035,0.045,22.5,0,0,0
458,Mainoo,MUN,MID,2,6,1.17,0.008,0.007,21.8,0,0,0
458,Mainoo,MUN,MID,3,21,1.9,0.007,0.049,47.3,0,1,3
458,Mainoo,MUN,MID,4,7,2.71,0.027,0.013,52.1,1,0,3
458,Mainoo,MUN,MID,5,2,3.0,0.01,0.015,59.0,0,1,0
469,Pope,NEW,GKP,1,2,4.0,0.0,0.0,45.0,0,0,1
469,Pope,NEW,GKP,2,6,2.83,0.0,0.0,75.0,0,0,1
469,Pope,NEW,GKP,3,19,2.42,0.0,0.0,60.8,0,0,4
469,Pope,NEW,GKP,4,9,2.33,0.0,0.0,60.0,0,1,1
469,Pope,NEW,GKP,5,2,2.0,0.08,0.0,90.0,0,0,0
473,Hall,NEW,DEF,1,2,0.5,0.055,0.01,13.5,0,0,0
473,Hall,NEW,DEF,2,6,3.17,0.06,0.137,75.0,0,1,1
473,Hall,NEW,DEF,3,19,1.95,0.017,0.084,61.1,0,1,2
473,Hall,NEW,DEF,4,9,1.67,0.017,0.038,49.8,0,0,1
473,Hall,NEW,DEF,5,2,3.5,0.03,0.005,45.0,1,0,0
475,Botman,NEW,DEF,1,2,0.5,0.0,0.0,0.5,0,0,0
475,Botman,NEW,DEF,2,6,2.67,0.05,0.013,56.3,0,1,1
475,Botman,NEW,DEF,3,19,2.74,0.066,0.038,59.0,1,0,3
475,Botman,NEW,DEF,4,9,1.78,0.006,0.001,31.6,0,0,1
475,Botman,NEW,DEF,5,2,2.0,0.065,0.025,45.0,0,0,0
476,Burn,NEW,DEF,1,2,6.5,0.02,0.01,76.0,0,0,2
476,Burn,NEW,DEF,2,6,1.0,0.033,0.002,32.5,0,0,0
476,Burn,NEW,DEF,3,19,2.74,0.038,0.01,58.7,1,3,3
476,Burn,NEW,DEF,4,9,1.89,0.001,0.014,61.4,0,0,1
476,Burn,NEW,DEF,5,2,2.5,0.055,0.005,90.0,0,0,0
488,Bruno G.,NEW,MID,1,2,6.0,0.11,0.145,90.0,1,0,1
488,Bruno G.,NEW,MID,2,6,6.33,0.387,0.242,75.0,3,1,1
488,Bruno G.,NEW,MID,3,19,4.05,0.104,0.121,64.1,4,4,3
488,Bruno G.,NEW,MID,4,9,2.78,0.113,0.084,59.4,1,2,1
488,Bruno G.,NEW,MID,5,2,1.0,0.03,0.085,37.0,0,0,0
489,J.Murphy,NEW,MID,1,2,3.0,0.41,0.14,45.0,0,1,1
489,J.Murphy,NEW,MID,2,6,2.0,0.138,0.018,21.2,1,0,0
489,J.Murphy,NEW,MID,3,19,2.47,0.059,0.081,49.1,2,1,5
489,J.Murphy,NEW,MID,4,9,1.56,0.033,0.08,42.1,0,0,2
489,J.Murphy,NEW,MID,5,2,1.5,0.0,0.005,38.5,0,0,0
491,Tonali,NEW,MID,1,2,2.0,0.07,0.01,45.5,0,0,1
491,Tonali,NEW,MID,2,6,1.17,0.027,0.018,47.0,0,0,1
491,Tonali,NEW,MID,3,19,2.32,0.064,0.049,69.5,0,1,4
491,Tonali,NEW,MID,4,9,2.44,0.019,0.162,73.3,0,1,1
491,Tonali,NEW,MID,5,2,2.0,0.03,0.17,90.0,0,0,0
500,Osula,NEW,FWD,1,2,0.5,0.0,0.0,12.5,0,0,0
500,Osula,NEW,FWD,2,6,3.0,0.173,0.027,17.0,2,1,0
500,Osula,NEW,FWD,3,19,2.0,0.159,0.021,28.8,3,0,2
500,Osula,NEW,FWD,4,9,1.78,0.023,0.002,5.9,2,0,0
500,Osula,NEW,FWD,5,2,1.5,0.0,0.025,38.5,0,0,0
502,Sels,NFO,GKP,1,2,1.0,0.0,0.0,45.0,0,0,0
502,Sels,NFO,GKP,2,6,3.5,0.0,0.0,90.0,0,0,2
502,Sels,NFO,GKP,3,19,2.53,0.0,0.001,68.7,0,0,3
502,Sels,NFO,GKP,4,9,3.56,0.0,0.006,61.3,0,0,2
502,Sels,NFO,GKP,5,2,1.0,0.0,0.0,90.0,0,0,0
505,Milenković,NFO,DEF,1,2,5.5,0.005,0.0,90.0,0,1,1
505,Milenković,NFO,DEF,2,6,3.33,0.012,0.027,90.0,0,0,2
505,Milenković,NFO,DEF,3,19,3.11,0.023,0.024,90.0,0,0,4
505,Milenković,NFO,DEF,4,9,3.11,0.034,0.006,85.0,0,0,2
505,Milenković,NFO,DEF,5,2,0.5,0.0,0.01,90.0,0,0,0
508,N.Williams,NFO,DEF,1,2,5.0,0.125,0.435,90.0,0,0,1
508,N.Williams,NFO,DEF,2,6,4.5,0.055,0.113,90.0,1,0,2
508,N.Williams,NFO,DEF,3,19,3.26,0.069,0.11,82.8,1,2,4
508,N.Williams,NFO,DEF,4,9,3.11,0.011,0.034,81.1,0,1,2
508,N.Williams,NFO,DEF,5,2,0.5,0.005,0.01,89.5,0,0,0
510,Jair Cunha,NFO,DEF,1,2,0.5,0.0,0.0,24.0,0,0,0
510,Jair Cunha,NFO,DEF,2,6,0.0,0.0,0.0,0.0,0,0,0
510,Jair Cunha,NFO,DEF,3,19,0.42,0.007,0.001,15.3,0,0,0
510,Jair Cunha,NFO,DEF,4,9,0.33,0.016,0.006,9.4,0,0,0
510,Jair Cunha,NFO,DEF,5,2,0.5,0.0,0.0,45.0,0,0,0
511,Morato,NFO,DEF,1,2,4.5,0.185,0.005,46.0,0,0,1
511,Morato,NFO,DEF,2,6,1.83,0.005,0.005,45.3,0,0,1
511,Morato,NFO,DEF,3,19,1.11,0.023,0.006,37.1,0,0,0
511,Morato,NFO,DEF,4,9,1.11,0.054,0.0,20.0,1,0,0
511,Morato,NFO,DEF,5,2,1.0,0.0,0.0,45.5,0,0,0
517,Anderson,NFO,MID,1,2,3.5,0.135,0.285,90.0,0,0,1
517,Anderson,NFO,MID,2,6,3.67,0.19,0.132,89.5,1,0,2
517,Anderson,NFO,MID,3,19,4.79,0.052,0.111,88.6,2,2,4
517,Anderson,NFO,MID,4,9,4.89,0.05,0.134,83.4,0,3,3
517,Anderson,NFO,MID,5,2,8.0,0.05,0.055,90.0,1,0,0
519,Dominguez,NFO,MID,1,2,2.0,0.0,0.09,0.5,0,1,0
519,Dominguez,NFO,MID,2,6,0.5,0.01,0.022,24.8,0,0,0
519,Dominguez,NFO,MID,3,19,1.21,0.049,0.016,26.9,1,0,1
519,Dominguez,NFO,MID,4,9,1.78,0.052,0.012,49.2,0,0,2
519,Dominguez,NFO,MID,5,2,1.0,0.0,0.025,31.5,0,0,0
526,Igor Jesus,NFO,FWD,1,2,4.0,0.285,0.0,32.0,1,0,0
526,Igor Jesus,NFO,FWD,2,6,2.5,0.187,0.012,45.3,1,0,2
526,Igor Jesus,NFO,FWD,3,19,2.95,0.174,0.033,62.3,3,2,4
526,Igor Jesus,NFO,FWD,4,9,3.33,0.16,0.044,77.2,1,3,3
526,Igor Jesus,NFO,FWD,5,2,2.5,0.025,0.08,39.0,0,1,0
532,Hume,SUN,DEF,1,2,8.0,0.23,0.065,90.0,0,1,2
532,Hume,SUN,DEF,2,5,2.2,0.03,0.03,90.0,0,0,1
532,Hume,SUN,DEF,3,20,2.2,0.06,0.066,75.4,1,0,3
532,Hume,SUN,DEF,4,9,4.11,0.052,0.048,80.3,1,0,3
532,Hume,SUN,DEF,5,2,1.0,0.0,0.01,85.5,0,0,0
541,Reinildo,SUN,DEF,1,2,5.5,0.015,0.08,45.0,0,1,1
541,Reinildo,SUN,DEF,2,5,2.2,0.0,0.004,50.2,0,0,1
541,Reinildo,SUN,DEF,3,20,1.75,0.005,0.014,51.2,0,1,3
541,Reinildo,SUN,DEF,4,9,1.78,0.0,0.019,56.9,0,0,1
541,Reinildo,SUN,DEF,5,2,0.5,0.0,0.0,45.0,0,0,0
547,E.Le Fée,SUN,MID,1,2,5.0,0.03,0.02,90.0,0,0,2
547,E.Le Fée,SUN,MID,2,5,3.6,0.166,0.052,62.2,1,0,0
547,E.Le Fée,SUN,MID,3,20,4.2,0.179,0.181,75.2,4,4,4
547,E.Le Fée,SUN,MID,4,9,3.44,0.081,0.219,84.0,0,2,4
547,E.Le Fée,SUN,MID,5,2,2.0,0.01,0.035,90.0,0,0,0
552,Sadiki,SUN,MID,1,2,3.0,0.025,0.02,90.0,0,0,2
552,Sadiki,SUN,MID,2,5,1.8,0.01,0.036,68.2,0,0,1
552,Sadiki,SUN,MID,3,20,2.05,0.035,0.049,80.0,0,1,5
552,Sadiki,SUN,MID,4,9,2.22,0.063,0.028,70.0,0,1,1
552,Sadiki,SUN,MID,5,2,2.0,0.03,0.005,70.5,0,0,0
567,Kinsky,TOT,GKP,1,2,0.0,0.0,0.0,0.0,0,0,0
567,Kinsky,TOT,GKP,2,6,1.5,0.0,0.0,30.0,0,0,1
567,Kinsky,TOT,GKP,3,19,0.42,0.0,0.0,14.2,0,0,1
567,Kinsky,TOT,GKP,4,9,0.33,0.0,0.0,20.0,0,0,0
567,Kinsky,TOT,GKP,5,2,0.0,0.0,0.0,0.0,0,0,0
568,Pedro Porro,TOT,DEF,1,2,3.5,0.01,0.145,58.5,0,0,1
568,Pedro Porro,TOT,DEF,2,6,3.17,0.052,0.258,82.5,0,1,1
568,Pedro Porro,TOT,DEF,3,19,4.0,0.027,0.093,82.4,1,2,6
568,Pedro Porro,TOT,DEF,4,9,1.11,0.013,0.07,57.1,0,0,0
568,Pedro Porro,TOT,DEF,5,2,2.5,0.04,0.065,51.0,0,0,1
570,Danso,TOT,DEF,1,2,0.0,0.0,0.0,0.0,0,0,0
570,Danso,TOT,DEF,2,6,2.0,0.007,0.013,57.8,0,0,1
570,Danso,TOT,DEF,3,19,2.11,0.026,0.009,43.4,0,0,3
570,Danso,TOT,DEF,4,9,1.11,0.01,0.001,30.2,0,0,0
570,Danso,TOT,DEF,5,2,0.5,0.0,0.005,23.0,0,0,0
574,Udogie,TOT,DEF,1,2,1.0,0.0,0.01,41.5,0,0,0
574,Udogie,TOT,DEF,2,6,0.5,0.013,0.017,35.5,0,0,0
574,Udogie,TOT,DEF,3,19,0.84,0.002,0.017,28.1,0,0,1
574,Udogie,TOT,DEF,4,9,0.89,0.007,0.03,46.1,0,1,0
574,Udogie,TOT,DEF,5,2,0.0,0.0,0.0,45.0,0,0,0
575,Van de Ven,TOT,DEF,1,2,4.0,0.3,0.07,90.0,0,0,1
575,Van de Ven,TOT,DEF,2,6,3.67,0.043,0.008,90.0,1,1,1
575,Van de Ven,TOT,DEF,3,19,3.95,0.096,0.007,79.5,3,0,6
575,Van de Ven,TOT,DEF,4,9,0.56,0.016,0.006,70.0,0,0,0
575,Van de Ven,TOT,DEF,5,2,3.0,0.0,0.0,90.0,0,0,1
584,Tel,TOT,MID,1,2,1.0,0.0,0.015,5.5,0,0,0
584,Tel,TOT,MID,2,6,2.67,0.117,0.03,49.0,1,0,0
584,Tel,TOT,MID,3,19,2.21,0.065,0.065,38.1,2,1,2
584,Tel,TOT,MID,4,9,2.0,0.06,0.109,33.9,1,1,1
584,Tel,TOT,MID,5,2,0.0,0.0,0.0,0.0,0,0,0
585,Bentancur,TOT,MID,1,2,1.5,0.03,0.015,40.0,0,0,0
585,Bentancur,TOT,MID,2,6,2.17,0.043,0.047,48.3,0,0,1
585,Bentancur,TOT,MID,3,19,2.95,0.019,0.009,54.6,1,1,5
585,Bentancur,TOT,MID,4,9,1.11,0.004,0.04,35.2,0,0,1
585,Bentancur,TOT,MID,5,2,2.0,0.0,0.0,77.5,0,0,1
597,Richarlison,TOT,FWD,1,2,7.5,0.4,0.01,80.5,2,0,1
597,Richarlison,TOT,FWD,2,6,1.5,0.137,0.025,48.2,0,1,0
597,Richarlison,TOT,FWD,3,19,2.11,0.153,0.054,45.0,2,2,4
597,Richarlison,TOT,FWD,4,9,5.0,0.442,0.017,53.6,6,0,1
597,Richarlison,TOT,FWD,5,2,5.0,0.065,0.06,83.5,1,1,1
603,Diouf,WHU,DEF,1,2,3.5,0.015,0.03,90.0,0,0,1
603,Diouf,WHU,DEF,2,5,3.2,0.0,0.03,37.6,0,1,2
603,Diouf,WHU,DEF,3,20,2.65,0.018,0.087,73.4,0,4,4
603,Diouf,WHU,DEF,4,9,2.78,0.021,0.06,86.7,0,1,2
603,Diouf,WHU,DEF,5,2,1.5,0.0,0.015,45.0,0,0,0
606,Mavropanos,WHU,DEF,1,2,10.5,0.175,0.025,45.0,2,0,1
606,Mavropanos,WHU,DEF,2,5,3.8,0.024,0.012,72.0,0,0,2
606,Mavropanos,WHU,DEF,3,20,2.05,0.041,0.008,58.6,0,0,3
606,Mavropanos,WHU,DEF,4,9,4.11,0.13,0.048,90.0,1,0,0
606,Mavropanos,WHU,DEF,5,2,2.0,0.0,0.005,50.5,0,0,0
613,Souček,WHU,MID,1,2,7.5,0.405,0.005,59.0,1,1,1
613,Souček,WHU,MID,2,5,2.0,0.166,0.028,64.4,0,0,2
613,Souček,WHU,MID,3,20,2.35,0.138,0.016,55.8,2,1,4
613,Souček,WHU,MID,4,9,3.33,0.148,0.006,69.2,2,0,0
613,Souček,WHU,MID,5,2,0.5,0.0,0.0,6.0,0,0,0
615,Summerville,WHU,MID,1,2,4.0,0.27,0.02,79.5,0,1,1
615,Summerville,WHU,MID,2,5,5.6,0.224,0.108,83.0,2,1,2
615,Summerville,WHU,MID,3,20,2.8,0.128,0.126,64.9,2,2,3
615,Summerville,WHU,MID,4,9,1.67,0.123,0.027,47.8,1,0,2
615,Summerville,WHU,MID,5,2,1.5,0.05,0.005,84.0,0,0,0
624,Bowen,WHU,FWD,1,2,8.0,0.23,0.065,90.0,0,3,1
624,Bowen,WHU,FWD,2,5,6.4,0.282,0.08,90.0,2,2,2
624,Bowen,WHU,FWD,3,20,4.5,0.182,0.164,89.8,5,4,4
624,Bowen,WHU,FWD,4,9,5.11,0.133,0.154,88.8,2,4,1
624,Bowen,WHU,FWD,5,2,1.5,0.26,0.01,90.0,0,0,0
634,Mosquera,WOL,DEF,2,5,2.8,0.152,0.016,86.2,0,0,1
634,Mosquera,WOL,DEF,3,22,1.64,0.026,0.015,48.7,0,0,3
634,Mosquera,WOL,DEF,4,10,2.0,0.082,0.025,63.5,0,0,1
634,Mosquera,WOL,DEF,5,2,0.0,0.175,0.0,90.0,0,0,0
636,S.Bueno,WOL,DEF,2,5,4.0,0.102,0.076,72.0,1,0,1
636,S.Bueno,WOL,DEF,3,22,2.59,0.044,0.047,75.1,1,1,3
636,S.Bueno,WOL,DEF,4,10,1.9,0.075,0.018,54.0,1,1,1
636,S.Bueno,WOL,DEF,5,2,0.5,0.0,0.0,45.0,0,0,0
642,Hee Chan,WOL,MID,2,5,3.4,0.178,0.21,45.6,1,2,1
642,Hee Chan,WOL,MID,3,22,1.14,0.048,0.016,33.0,1,0,1
642,Hee Chan,WOL,MID,4,10,0.8,0.028,0.011,31.3,0,0,0
642,Hee Chan,WOL,MID,5,2,1.5,0.07,0.025,74.5,0,0,0
643,André,WOL,MID,2,5,2.2,0.018,0.018,66.6,0,0,0
643,André,WOL,MID,3,22,2.36,0.015,0.016,71.3,0,0,2
643,André,WOL,MID,4,10,2.8,0.014,0.047,70.1,1,0,0
643,André,WOL,MID,5,2,2.5,0.0,0.01,90.0,0,0,0
646,J.Gomes,WOL,MID,2,5,1.8,0.052,0.108,63.0,0,0,0
646,J.Gomes,WOL,MID,3,22,3.0,0.035,0.06,76.5,1,2,4
646,J.Gomes,WOL,MID,4,10,2.8,0.02,0.013,71.8,0,0,1
646,J.Gomes,WOL,MID,5,2,4.0,0.025,0.04,90.0,0,0,0
660,Stach,LEE,MID,1,3,3.33,0.093,0.023,23.7,1,0,0
660,Stach,LEE,MID,2,5,4.2,0.078,0.06,50.4,1,1,0
660,Stach,LEE,MID,3,21,3.19,0.083,0.145,66.9,1,4,5
660,Stach,LEE,MID,4,9,4.11,0.052,0.11,61.3,2,1,2
660,Stach,LEE,MID,5,2,1.0,0.0,0.035,45.0,0,0,0
668,Xhaka,SUN,MID,1,2,2.5,0.015,0.03,45.0,0,0,1
668,Xhaka,SUN,MID,2,5,4.6,0.026,0.124,75.8,0,2,1
668,Xhaka,SUN,MID,3,20,3.35,0.026,0.118,82.0,1,4,4
668,Xhaka,SUN,MID,4,9,3.0,0.023,0.076,80.0,0,0,3
668,Xhaka,SUN,MID,5,2,1.0,0.065,0.005,36.0,0,0,0
670,Roefs,SUN,GKP,1,2,6.5,0.0,0.005,90.0,0,0,2
670,Roefs,SUN,GKP,2,5,3.2,0.0,0.006,90.0,0,0,1
670,Roefs,SUN,GKP,3,20,3.55,0.0,0.002,76.5,0,0,4
670,Roefs,SUN,GKP,4,9,3.78,0.0,0.001,90.0,0,0,3
670,Roefs,SUN,GKP,5,2,1.0,0.0,0.005,90.0,0,0,0
672,Hato,CHE,DEF,1,2,0.0,0.02,0.01,5.0,0,0,0
672,Hato,CHE,DEF,2,6,0.17,0.0,0.042,16.0,0,0,0
672,Hato,CHE,DEF,3,20,0.4,0.011,0.008,23.0,0,0,0
672,Hato,CHE,DEF,4,10,1.1,0.004,0.008,65.2,0,0,0
672,Hato,CHE,DEF,5,2,0.5,0.0,0.065,51.0,0,0,0
673,J.Palhinha,TOT,MID,1,2,5.0,0.04,0.005,50.0,1,0,0
673,J.Palhinha,TOT,MID,2,6,2.17,0.145,0.01,32.5,1,0,0
673,J.Palhinha,TOT,MID,3,19,3.05,0.072,0.025,59.1,2,1,4
673,J.Palhinha,TOT,MID,4,9,2.89,0.03,0.011,66.1,0,1,0
673,J.Palhinha,TOT,MID,5,2,9.5,0.07,0.0,90.0,1,1,1
676,Ugochukwu,BUR,MID,2,5,5.2,0.318,0.018,80.0,2,0,2
676,Ugochukwu,BUR,MID,3,22,2.09,0.022,0.01,56.9,0,3,1
676,Ugochukwu,BUR,MID,4,10,2.2,0.026,0.003,59.9,1,0,0
676,Ugochukwu,BUR,MID,5,2,1.5,0.0,0.0,40.5,0,0,0
679,Hermansen,WHU,GKP,1,2,3.5,0.0,0.0,45.0,0,0,1
679,Hermansen,WHU,GKP,2,5,3.4,0.0,0.0,36.0,0,0,2
679,Hermansen,WHU,GKP,3,20,2.15,0.0,0.0,45.0,0,1,4
679,Hermansen,WHU,GKP,4,9,1.0,0.0,0.0,50.0,0,0,0
679,Hermansen,WHU,GKP,5,2,0.0,0.0,0.0,0.0,0,0,0
683,Alderete,SUN,DEF,1,2,6.0,0.0,0.005,87.5,0,0,2
683,Alderete,SUN,DEF,2,5,2.8,0.022,0.042,79.4,0,1,0
683,Alderete,SUN,DEF,3,20,3.4,0.057,0.02,72.7,1,0,5
683,Alderete,SUN,DEF,4,9,3.22,0.039,0.032,65.7,0,0,3
683,Alderete,SUN,DEF,5,2,1.0,0.01,0.0,90.0,0,0,0
684,Thiaw,NEW,DEF,1,2,1.0,0.0,0.005,45.0,0,0,0
684,Thiaw,NEW,DEF,2,6,2.67,0.04,0.045,73.5,0,0,1
684,Thiaw,NEW,DEF,3,19,4.16,0.189,0.032,84.9,4,0,3
684,Thiaw,NEW,DEF,4,9,2.67,0.107,0.007,71.0,0,0,1
684,Thiaw,NEW,DEF,5,2,2.5,0.005,0.01,90.0,0,0,0
686,Ngumoha,LIV,MID,1,2,0.5,0.0,0.09,6.0,0,0,0
686,Ngumoha,LIV,MID,2,6,2.5,0.053,0.138,19.3,1,0,1
686,Ngumoha,LIV,MID,3,21,1.1,0.04,0.04,13.7,1,1,1
686,Ngumoha,LIV,MID,4,7,0.57,0.024,0.024,18.9,0,0,0
686,Ngumoha,LIV,MID,5,2,0.0,0.0,0.0,0.0,0,0,0
691,Calvert-Lewin,LEE,FWD,1,3,4.67,0.513,0.007,90.0,2,0,1
691,Calvert-Lewin,LEE,FWD,2,5,3.8,0.176,0.016,89.2,1,1,2
691,Calvert-Lewin,LEE,FWD,3,20,4.55,0.52,0.039,76.1,10,1,6
691,Calvert-Lewin,LEE,FWD,4,9,2.11,0.413,0.022,68.7,1,0,0
691,Calvert-Lewin,LEE,FWD,5,2,3.5,0.065,0.0,22.5,1,0,0
694,Mukiele,SUN,DEF,1,2,13.0,0.265,0.125,90.0,1,1,2
694,Mukiele,SUN,DEF,2,4,4.0,0.05,0.018,47.8,1,0,0
694,Mukiele,SUN,DEF,3,20,3.7,0.035,0.087,71.2,1,3,4
694,Mukiele,SUN,DEF,4,9,3.67,0.019,0.043,90.0,0,1,3
694,Mukiele,SUN,DEF,5,2,1.0,0.01,0.1,90.0,0,0,0
706,Justin,LEE,DEF,1,3,7.0,0.193,0.033,90.0,1,0,1
706,Justin,LEE,DEF,2,5,2.4,0.034,0.034,43.2,0,0,1
706,Justin,LEE,DEF,3,20,3.15,0.078,0.045,46.2,2,1,4
706,Justin,LEE,DEF,4,9,1.78,0.009,0.007,66.0,0,0,1
708,M.Fernandes,WHU,MID,1,2,1.5,0.0,0.25,87.0,0,0,1
708,M.Fernandes,WHU,MID,2,5,5.8,0.02,0.178,90.0,1,2,2
708,M.Fernandes,WHU,MID,3,18,4.0,0.051,0.038,79.1,2,2,4
708,M.Fernandes,WHU,MID,4,9,2.78,0.092,0.098,89.0,0,0,1
708,M.Fernandes,WHU,MID,5,2,3.0,0.075,0.005,84.0,0,0,0
712,Yeremy,CRY,MID,1,2,2.0,0.18,0.025,47.0,0,0,1
712,Yeremy,CRY,MID,2,6,3.0,0.165,0.145,62.5,1,0,3
712,Yeremy,CRY,MID,3,19,2.05,0.086,0.209,60.6,1,1,2
712,Yeremy,CRY,MID,4,8,1.88,0.192,0.153,49.4,0,1,1
712,Yeremy,CRY,MID,5,3,0.67,0.033,0.003,39.0,0,0,0
714,Woltemade,NEW,FWD,1,2,5.5,0.24,0.005,68.5,1,0,2
714,Woltemade,NEW,FWD,2,6,3.83,0.175,0.083,62.2,1,2,1
714,Woltemade,NEW,FWD,3,18,2.78,0.192,0.03,51.2,4,2,3
714,Woltemade,NEW,FWD,4,7,3.14,0.23,0.014,55.7,2,0,2
714,Woltemade,NEW,FWD,5,2,1.0,0.0,0.19,37.0,0,0,0
719,Lindelöf,AVL,DEF,1,2,0.5,0.0,0.0,3.0,0,0,0
719,Lindelöf,AVL,DEF,2,6,0.33,0.0,0.002,13.5,0,0,0
719,Lindelöf,AVL,DEF,3,17,1.06,0.016,0.004,27.3,0,1,1
719,Lindelöf,AVL,DEF,4,8,0.75,0.0,0.001,28.6,0,0,0
719,Lindelöf,AVL,DEF,5,2,1.0,0.0,0.005,81.0,0,0,0
722,Florentino,BUR,MID,2,4,3.0,0.012,0.02,71.5,0,1,1
722,Florentino,BUR,MID,3,21,1.95,0.008,0.016,51.5,0,0,1
722,Florentino,BUR,MID,4,9,2.56,0.041,0.01,62.9,0,1,0
722,Florentino,BUR,MID,5,2,4.0,0.01,0.005,83.5,0,0,0
723,Canvot,CRY,DEF,1,2,2.5,0.28,0.02,45.0,0,0,1
723,Canvot,CRY,DEF,2,6,4.0,0.002,0.01,35.2,0,0,2
723,Canvot,CRY,DEF,3,19,1.95,0.048,0.012,44.7,0,0,2
723,Canvot,CRY,DEF,4,7,0.86,0.0,0.001,25.7,0,0,0
723,Canvot,CRY,DEF,5,3,1.33,0.103,0.013,60.0,0,0,0
724,Geertruida,SUN,DEF,1,2,1.0,0.0,0.055,12.0,0,0,0
724,Geertruida,SUN,DEF,2,3,1.0,0.023,0.03,56.0,0,0,0
724,Geertruida,SUN,DEF,3,19,1.26,0.024,0.011,47.5,0,0,0
724,Geertruida,SUN,DEF,4,9,2.67,0.03,0.048,53.1,0,0,3
724,Geertruida,SUN,DEF,5,2,1.0,0.0,0.005,54.5,0,0,0
726,Kolo Muani,TOT,FWD,2,6,1.33,0.092,0.098,64.3,0,0,0
726,Kolo Muani,TOT,FWD,3,18,1.28,0.029,0.043,46.0,0,0,3
726,Kolo Muani,TOT,FWD,4,9,2.22,0.111,0.029,46.3,1,1,1
728,Röhl,EVE,MID,1,2,0.5,0.0,0.0,0.5,0,0,0
728,Röhl,EVE,MID,2,5,2.2,0.02,0.014,26.2,1,0,0
728,Röhl,EVE,MID,3,17,0.76,0.019,0.013,19.1,0,0,1
728,Röhl,EVE,MID,4,9,1.0,0.024,0.002,21.7,0,1,1
728,Röhl,EVE,MID,5,2,1.0,0.015,0.02,12.0,0,0,0
730,Brobbey,SUN,FWD,1,2,1.0,0.09,0.0,39.5,0,0,1
730,Brobbey,SUN,FWD,2,3,1.33,0.157,0.06,69.0,0,0,0
730,Brobbey,SUN,FWD,3,19,3.32,0.219,0.008,52.2,6,1,2
730,Brobbey,SUN,FWD,4,9,2.33,0.126,0.032,58.3,1,1,3
730,Brobbey,SUN,FWD,5,2,1.0,0.04,0.02,59.0,0,0,0
733,Lammens,MUN,GKP,2,6,3.0,0.0,0.0,90.0,0,0,1
733,Lammens,MUN,GKP,3,20,2.9,0.0,0.0,81.0,0,0,4
733,Lammens,MUN,GKP,4,6,4.67,0.0,0.0,90.0,0,0,3
733,Lammens,MUN,GKP,5,2,1.0,0.0,0.0,45.0,0,0,0
736,Donnarumma,MCI,GKP,1,2,5.0,0.0,0.0,90.0,0,0,1
736,Donnarumma,MCI,GKP,2,6,5.5,0.0,0.0,90.0,0,0,4
736,Donnarumma,MCI,GKP,3,22,3.59,0.0,0.006,85.9,0,0,9
736,Donnarumma,MCI,GKP,4,8,4.25,0.0,0.0,90.0,0,0,4
749,Mané,WOL,FWD,2,4,6.75,0.103,0.332,88.8,2,1,1
749,Mané,WOL,FWD,3,15,2.0,0.085,0.107,64.7,1,0,3
749,Mané,WOL,FWD,4,9,1.67,0.044,0.051,60.9,0,0,2
749,Mané,WOL,FWD,5,2,3.0,0.06,0.165,47.0,0,1,0
783,Groß,BHA,MID,1,2,3.5,0.14,0.085,54.5,0,1,1
783,Groß,BHA,MID,3,13,5.54,0.065,0.259,89.8,1,6,5
783,Groß,BHA,MID,4,4,2.0,0.057,0.18,90.0,0,0,0
791,Taty,WHU,FWD,2,3,6.0,0.423,0.06,79.7,2,1,2
791,Taty,WHU,FWD,3,8,2.12,0.368,0.062,80.8,1,0,4
791,Taty,WHU,FWD,4,6,2.5,0.137,0.008,69.7,1,0,2
796,Gallagher,TOT,MID,2,4,2.5,0.098,0.072,88.5,0,0,1
796,Gallagher,TOT,MID,3,7,1.71,0.031,0.021,59.9,0,0,1
796,Gallagher,TOT,MID,4,6,3.67,0.103,0.043,68.3,1,1,0
807,Rayan,BOU,MID,2,5,4.0,0.084,0.218,59.6,1,2,1
807,Rayan,BOU,MID,3,9,5.67,0.202,0.089,74.9,5,1,4
807,Rayan,BOU,MID,4,2,2.5,0.38,0.08,84.5,0,0,1
814,Netz,NFO,DEF,1,2,0.0,0.0,0.0,0.0,0,0,0
814,Netz,NFO,DEF,3,6,0.83,0.0,0.068,24.3,0,0,0
814,Netz,NFO,DEF,4,4,1.5,0.0,0.0,51.8,0,0,0
815,Disasi,WHU,DEF,2,2,6.0,0.01,0.005,90.0,0,0,2
815,Disasi,WHU,DEF,3,6,4.33,0.112,0.002,90.0,0,0,3
815,Disasi,WHU,DEF,4,5,1.0,0.082,0.002,88.8,0,0,0
817,Armstrong,WOL,FWD,2,3,3.67,0.51,0.057,78.0,1,0,0
817,Armstrong,WOL,FWD,3,9,2.78,0.138,0.076,84.2,1,2,3
817,Armstrong,WOL,FWD,4,4,1.75,0.008,0.005,82.2,0,0,1
